根目录,主题,固化节点或阶段,资料类型,相对路径,字节数,SHA-256,人类用途
数据,00_目录索引与路径映射,固化66资料整理版1_主题目录机器摘要.json,其它,数据/00_目录索引与路径映射/固化66资料整理版1_主题目录机器摘要.json,5146,c008dd1dc452dc45db01c00bb76cf92461cc5dbd51697a7126200f29041f0069,历史索引或审计资料
数据,00_目录索引与路径映射,固化66资料整理版1_全量目录治理与独立接档审计.json,其它,数据/00_目录索引与路径映射/固化66资料整理版1_全量目录治理与独立接档审计.json,4375,26f6a384700bd6d617d6cda365449ede8edd41d4e661e3fe004a8cd721015a98,历史索引或审计资料
数据,00_目录索引与路径映射,固化66资料整理版1_工具目录历史输出迁移记录.json,其它,数据/00_目录索引与路径映射/固化66资料整理版1_工具目录历史输出迁移记录.json,665,0a965ad105e7ddbc95841688baec7786e5cf8c6854b7b4b29f55ea482ee1e31d,历史索引或审计资料
数据,00_目录索引与路径映射,固化66资料整理版1_旧路径到新路径映射.json,其它,数据/00_目录索引与路径映射/固化66资料整理版1_旧路径到新路径映射.json,552386,a4a1576d3168b6ee3e6a2a810a50797c5a59983e126fce7cd32088447e302aed,历史索引或审计资料
数据,00_目录索引与路径映射,固化66资料整理版1_资料分类总索引.csv,其它,数据/00_目录索引与路径映射/固化66资料整理版1_资料分类总索引.csv,364210,b19f3981461eeb7ef3fe4e3e50469a11bd0d310af4da72bff75a6f6c188e3c28,历史索引或审计资料
数据,00_目录索引与路径映射,本版本全文件SHA与遍历索引_固化66资料整理版1.json,其它,数据/00_目录索引与路径映射/本版本全文件SHA与遍历索引_固化66资料整理版1.json,266663,f831aa03cff5473a953325e135907b423e0f2120c15bef9376e52e8a88c6e74f,历史索引或审计资料
数据,01_版本基线与封包审计,固化1,机器结果,数据/01_版本基线与封包审计/固化1/机器结果/历史回归_v0.7D阶段中固化1_自动回归检查结果.json,2136,58e9dc87dbb98d62e273dc10d694cb19a7ef4113f53a96a03e9c52b75e75f41c,机器可读结论与断言
数据,01_版本基线与封包审计,固化21,机器结果,数据/01_版本基线与封包审计/固化21/机器结果/包内完整性校验_固化21.json,132504,8b5275a3cdd4ed4380ed9e5917137186372d5d673193d93b08d60acf5c304734,机器可读结论与断言
数据,01_版本基线与封包审计,固化21,机器结果,数据/01_版本基线与封包审计/固化21/机器结果/文档全量遍历审计_固化21.json,9271,cd8e4325028ab332a311b11710f30b9a848bb367a81335017c61c9ee5d21c001,机器可读结论与断言
数据,01_版本基线与封包审计,固化21,机器结果,数据/01_版本基线与封包审计/固化21/机器结果/阶段里程碑状态_v0.7D阶段中固化21.json,1835,a04a119b048a95c8d72322ac221b96cd21c89481ee90e7326593ff3243358c04,机器可读结论与断言
数据,01_版本基线与封包审计,固化22,机器结果,数据/01_版本基线与封包审计/固化22/机器结果/阶段里程碑状态_v0.7D阶段中固化22.json,4112,e9ba63215f40f1ac8fd92899d02d15eefbe385374bd347af8531fa5664e6d408,机器可读结论与断言
数据,01_版本基线与封包审计,固化23,机器结果,数据/01_版本基线与封包审计/固化23/机器结果/全包结构审计_固化23.json,2315,63a1361b8c02e0273dba052f94975060455b769be0d5e26a4b8c2fe9fea49294,机器可读结论与断言
数据,01_版本基线与封包审计,固化23,机器结果,数据/01_版本基线与封包审计/固化23/机器结果/包内完整性校验_固化23.json,149895,17a60cc22bc96679e6e87ac36a0984849a1a132b93ea11648f1f70fbff67a651,机器可读结论与断言
数据,01_版本基线与封包审计,固化23,机器结果,数据/01_版本基线与封包审计/固化23/机器结果/文档全量遍历审计_固化23.json,15123,7978e1435c15de500cfc07df0908760a1ed9ea1179acc82f3ae258c39971a22e,机器可读结论与断言
数据,01_版本基线与封包审计,固化23,机器结果,数据/01_版本基线与封包审计/固化23/机器结果/阶段里程碑状态_v0.7D阶段中固化23.json,2704,46171e06961808aea497780f3e063e6cfb7686753eff7cbef634d94e7ae4ae4d,机器可读结论与断言
数据,01_版本基线与封包审计,固化24,机器结果,数据/01_版本基线与封包审计/固化24/机器结果/包内完整性校验_固化24.json,151461,dd27da24fef18912a993b9d1abd3a7acb68f550871ddec87751607ff46291d69,机器可读结论与断言
数据,01_版本基线与封包审计,固化24,机器结果,数据/01_版本基线与封包审计/固化24/机器结果/文档全量遍历审计_固化24.json,8679,f3ea9569a3d1734592a27df04f37b4eb7ecfb7be895018587e1bbf35861efb85,机器可读结论与断言
数据,01_版本基线与封包审计,固化25,机器结果,数据/01_版本基线与封包审计/固化25/机器结果/文档全量遍历审计_固化25.json,11700,5b3aab56da5f0f57e7684c5374734b8b9fc43bdfffb957c017785960f9665be5,机器可读结论与断言
数据,01_版本基线与封包审计,固化25,机器结果,数据/01_版本基线与封包审计/固化25/机器结果/本版本自动回归检查结果_固化25.json,858,20fb537c9295d98a009d64c6f161966e279fbe449f0dee3241948738bc0dd761,机器可读结论与断言
数据,01_版本基线与封包审计,固化25,机器结果,数据/01_版本基线与封包审计/固化25/机器结果/阶段里程碑状态_v0.7D阶段中固化25.json,1729,d7e5411cda1dd9edd9803e452ec800905f55c46ca2fa455074a6afe4372751ab,机器可读结论与断言
数据,01_版本基线与封包审计,固化27,机器结果,数据/01_版本基线与封包审计/固化27/机器结果/本版本全文件SHA与遍历索引_固化27.json,144702,4144f752ed68b5efb4fcacc4036916b042827e52caa14d3fea1bf21cfd23eb70,机器可读结论与断言
数据,01_版本基线与封包审计,固化28,机器结果,数据/01_版本基线与封包审计/固化28/机器结果/阶段里程碑状态_v0.7D阶段中固化28.json,500,a7d4a93c1e2bbe3aa21676a34d975edc5a8bfbef77baa47aec9a94f84690f6b2,机器可读结论与断言
数据,01_版本基线与封包审计,固化29,机器结果,数据/01_版本基线与封包审计/固化29/机器结果/阶段里程碑状态_v0.7D阶段中固化29.json,478,d2db592a1ffb475d95f06a25b3d6bdf0e088e6f719d1b82415fef979ebe025f9,机器可读结论与断言
数据,01_版本基线与封包审计,固化30,机器结果,数据/01_版本基线与封包审计/固化30/机器结果/阶段里程碑状态_v0.7D阶段中固化30.json,515,63ec3379049ce8e26c622fcf86bdc84a3a8ddec381fa066732d7329d8983fdc0,机器可读结论与断言
数据,01_版本基线与封包审计,固化31,机器结果,数据/01_版本基线与封包审计/固化31/机器结果/本版本全文件SHA与遍历索引_固化31.json,148595,6992eb150d1319dec64c5dfc109161f637b0655b45e5d916fc095e3edac88398,机器可读结论与断言
数据,01_版本基线与封包审计,固化32,机器结果,数据/01_版本基线与封包审计/固化32/机器结果/本版本全文件SHA与遍历索引_固化32.json,149386,45306b5aada973dab9701b3dec5dd39275dd41ab5552094bab765f0e77ff12f6,机器可读结论与断言
数据,01_版本基线与封包审计,固化34,机器结果,数据/01_版本基线与封包审计/固化34/机器结果/Python工具注释补全语义等价回归_固化34.json,3590,9ce3ef0fb9c27fd20051c7275f5ea0dc91e8e904e547d829713db41c056680c0,机器可读结论与断言
数据,01_版本基线与封包审计,固化34,机器结果,数据/01_版本基线与封包审计/固化34/机器结果/RPG原始版已覆盖代码等价回归_固化34.json,2713,525fed2f35a5011ae1280f4417508cc7a3be8db22986d4011843a6c6377800d6,机器可读结论与断言
数据,01_版本基线与封包审计,固化34,机器结果,数据/01_版本基线与封包审计/固化34/机器结果/文档与封包全量遍历审计_固化34.json,11878,eb428398d20cf279c15f865bffbde855b5ce35f64d3eede669b9587ac8d7a881,机器可读结论与断言
数据,01_版本基线与封包审计,固化34,机器结果,数据/01_版本基线与封包审计/固化34/机器结果/本版本全文件SHA与遍历索引_固化34.json,151907,99eb26a623ff8faf304ba7f66c4eb58fbebe7e14a2d8822c0aa8f713fa729e06,机器可读结论与断言
数据,01_版本基线与封包审计,固化35,机器结果,数据/01_版本基线与封包审计/固化35/机器结果/固化35代码工具与文档回归审计.json,2010,5eb289242beffb429967d9926a1dcfa27226be80124931838d38be08c0817d4f,机器可读结论与断言
数据,01_版本基线与封包审计,固化36,机器结果,数据/01_版本基线与封包审计/固化36/机器结果/固化35继承非文档内容哈希一致性_固化36.json,152792,97ff8d6994cf745c1be061db74745c07a100a70cc480bb47d99885b98056e8d1,机器可读结论与断言
数据,01_版本基线与封包审计,固化36,机器结果,数据/01_版本基线与封包审计/固化36/机器结果/固化36代码工具文档与封包回归审计.json,8785,f297d67c33bcc30aebd5b91861c1148119ff49ccaa8454d55cc8f2a3a2c1aa84,机器可读结论与断言
数据,01_版本基线与封包审计,固化36,机器结果,数据/01_版本基线与封包审计/固化36/机器结果/文档全量遍历审计_固化36.json,19036,9272c1786b602eaaaadb6608a8ece6638e5c12ebab654e67eb77063f67a3f4bf,机器可读结论与断言
数据,01_版本基线与封包审计,固化36,机器结果,数据/01_版本基线与封包审计/固化36/机器结果/本版本全文件SHA与遍历索引_固化36.json,156194,4ad5df88116adc8bd6f7ea2cbbc5c7ecd8868ce80373c4b396b0dd8485059230,机器可读结论与断言
数据,01_版本基线与封包审计,固化37,机器结果,数据/01_版本基线与封包审计/固化37/机器结果/固化36继承非文档内容哈希一致性_固化37.json,220364,72c89406a1017cd9893936b47fe3489f5441a43d834dbfea381d238ac67c0311,机器可读结论与断言
数据,01_版本基线与封包审计,固化37,机器结果,数据/01_版本基线与封包审计/固化37/机器结果/固化37代码工具文档与封包回归审计.json,7517,24b7add6358cbc0084ae1c5dac5485adf64990a6091e180cebd796b5df617afa,机器可读结论与断言
数据,01_版本基线与封包审计,固化37,机器结果,数据/01_版本基线与封包审计/固化37/机器结果/文档全量遍历审计_固化37.json,16053,00835889592a783f2b09a06f24b99a9b27df40160e0410e63bb8b18bc76d0b9c,机器可读结论与断言
数据,01_版本基线与封包审计,固化37,机器结果,数据/01_版本基线与封包审计/固化37/机器结果/本版本全文件SHA与遍历索引_固化37.json,158603,e4b9b5d05958e3690326031958dac3625e15e82714f368c04583b8a013441307,机器可读结论与断言
数据,01_版本基线与封包审计,固化38,机器结果,数据/01_版本基线与封包审计/固化38/机器结果/固化37继承非文档内容哈希一致性_固化38.json,422,e871aca8dcc57de10766aec41cd58f6b1f9e4f6b9c09181fe49fed1e8135f3f4,机器可读结论与断言
数据,01_版本基线与封包审计,固化38,机器结果,数据/01_版本基线与封包审计/固化38/机器结果/固化38代码工具文档与封包回归审计.json,7530,bea4d48eba72cfb0d97f40055590ea3bef82ca2512e0572fd355739c4b880461,机器可读结论与断言
数据,01_版本基线与封包审计,固化38,机器结果,数据/01_版本基线与封包审计/固化38/机器结果/文档全量遍历审计_固化38.json,171,ce34ab27499543642d7fe5be4d9aee05e4467cb9e77e286cce60aa92be4880c7,机器可读结论与断言
数据,01_版本基线与封包审计,固化38,机器结果,数据/01_版本基线与封包审计/固化38/机器结果/本版本全文件SHA与遍历索引_固化38.json,161535,a67ba46d9f292706f5041c5f8945dae0c211e225c652245530e06af693a6bb85,机器可读结论与断言
数据,01_版本基线与封包审计,固化39,机器结果,数据/01_版本基线与封包审计/固化39/机器结果/固化38继承非文档内容哈希一致性_固化39.json,248359,dd7ff811b645defc199637ee736202c410df129bbe62575f66828f3d02f65867,机器可读结论与断言
数据,01_版本基线与封包审计,固化39,机器结果,数据/01_版本基线与封包审计/固化39/机器结果/固化39代码工具文档与封包回归审计.json,11303,f089a98ac01cec7aa23dd3e40615f083c1cb43bb4bcc7cafb3fa8cf79355f30d,机器可读结论与断言
数据,01_版本基线与封包审计,固化39,机器结果,数据/01_版本基线与封包审计/固化39/机器结果/文档全量遍历审计_固化39.json,14901,702018821454b51dccf4c67bb0aa933446fd0d21eadca5b047a143216af1d163,机器可读结论与断言
数据,01_版本基线与封包审计,固化39,机器结果,数据/01_版本基线与封包审计/固化39/机器结果/本版本全文件SHA与遍历索引_固化39.json,164163,0d2c64b3643b3e44fce5672a3b179e602c75a3e57e26267020cd9de25d4465cf,机器可读结论与断言
数据,01_版本基线与封包审计,固化40,机器结果,数据/01_版本基线与封包审计/固化40/机器结果/固化39继承非文档内容哈希一致性_固化40.json,252231,12e5eaae4ecdfca86fa42d89ad1dd41f26c054e972ad607944a6519b9a61db84,机器可读结论与断言
数据,01_版本基线与封包审计,固化40,机器结果,数据/01_版本基线与封包审计/固化40/机器结果/固化40代码工具文档与封包回归审计.json,9541,a55176496fe51e438daab03ec3f671012c0d4338cb4122b81c512c39c78dfc3a,机器可读结论与断言
数据,01_版本基线与封包审计,固化40,机器结果,数据/01_版本基线与封包审计/固化40/机器结果/文档全量遍历审计_固化40.json,15406,65156df94c9ba1f04c623a53a08cfcf13d1cae9f250feb60651a1deef1e8362d,机器可读结论与断言
数据,01_版本基线与封包审计,固化40,机器结果,数据/01_版本基线与封包审计/固化40/机器结果/本版本全文件SHA与遍历索引_固化40.json,166648,8d02e271bb194b24290e6b9aea9aeab4449825bdf27e693b90dfaf19b5ade55f,机器可读结论与断言
数据,01_版本基线与封包审计,固化41,机器结果,数据/01_版本基线与封包审计/固化41/机器结果/固化40继承非文档内容哈希一致性_固化41.json,229413,8737d5277e5e8fd8594d67db6d0a4d723b316ac29bb4884645635f376d415893,机器可读结论与断言
数据,01_版本基线与封包审计,固化41,机器结果,数据/01_版本基线与封包审计/固化41/机器结果/固化41代码工具文档与封包回归审计.json,7067,89eec17560b72c0aacdd2581fb669cdd801b3b595a4d5060378838b6786b431e,机器可读结论与断言
数据,01_版本基线与封包审计,固化41,机器结果,数据/01_版本基线与封包审计/固化41/机器结果/文档全量遍历审计_固化41.json,14663,fa281b470e99d8c8038351d72b2e97e18a50b72da6473e9f6415a58f5f80bd37,机器可读结论与断言
数据,01_版本基线与封包审计,固化41,机器结果,数据/01_版本基线与封包审计/固化41/机器结果/本版本全文件SHA与遍历索引_固化41.json,171255,b4d9d1d60789aa22176ff106cc4f1925e8da081ad1ebdb13ec81fc5ed9c6be88,机器可读结论与断言
数据,01_版本基线与封包审计,固化46,机器结果,数据/01_版本基线与封包审计/固化46/机器结果/固化46全文件散列索引.json,181439,457c2d52896cdfd6659ab78e514abce2db1bd17f154f398e700aa520a427509e,机器可读结论与断言
数据,01_版本基线与封包审计,固化47,机器结果,数据/01_版本基线与封包审计/固化47/机器结果/固化46状态表现调查器语义纠错等价审计.json,1455,1f421ea740f26aa90716499eac8873eb3f8c755b1a588cbe98ecec98cc4488c9,机器可读结论与断言
数据,01_版本基线与封包审计,固化47,机器结果,数据/01_版本基线与封包审计/固化47/机器结果/固化46继承文件哈希审计.json,675,c4a3c257f42ce6b79f79cf444c09279af48932332fb15d2ea19666cb6d7ac46d,机器可读结论与断言
数据,01_版本基线与封包审计,固化47,机器结果,数据/01_版本基线与封包审计/固化47/机器结果/固化47代码工具文档与数据第一轮审计.json,4926,d2375c6074bbd4da42ea79073776e07de176c781461f9231ab16f1227cb87d03,机器可读结论与断言
数据,01_版本基线与封包审计,固化47,机器结果,数据/01_版本基线与封包审计/固化47/机器结果/固化47全文件散列索引.json,184870,8c0e3d1dd9926ffca36ff73f430b892d5ce72718e3747e793b619774d889a8e2,机器可读结论与断言
数据,01_版本基线与封包审计,固化47,机器结果,数据/01_版本基线与封包审计/固化47/机器结果/固化47最终只读确认审计.json,968,47dc111349efc1ad2fc1627ef0676d498546eeb024097b3dfb828e7408517f25,机器可读结论与断言
数据,01_版本基线与封包审计,固化47,机器结果,数据/01_版本基线与封包审计/固化47/机器结果/固化47第二轮全包只读审计.json,856,62e47bcfbe891c3ff0ae5eb8d386a2dfaea0d1c2b4451566d696f70f2d0df085,机器可读结论与断言
数据,01_版本基线与封包审计,固化48,机器结果,数据/01_版本基线与封包审计/固化48/机器结果/固化48代码工具文档与数据第一轮审计.json,998,d5fc0d861a6ee6d7157a2b97730e5bbbd79eb53976cd02cc138f63d65d0c1563,机器可读结论与断言
数据,01_版本基线与封包审计,固化48,机器结果,数据/01_版本基线与封包审计/固化48/机器结果/固化48最终只读确认审计.json,1397,d4a13e1799298fc45772d41369b19bbcb8ff529980de908f9365d605433cc555,机器可读结论与断言
数据,01_版本基线与封包审计,固化48,机器结果,数据/01_版本基线与封包审计/固化48/机器结果/固化48第二轮全包只读审计.json,2704,25e3cbbe2f4f11f4cd39f01ca87c5d893c02d6dd8c53222914a48ff6241d4fec,机器可读结论与断言
数据,01_版本基线与封包审计,固化48,机器结果,数据/01_版本基线与封包审计/固化48/机器结果/本版本全文件SHA与遍历索引_固化48.json,188415,bb7df3c1c3c4096377ceab91dd73aa2e7ce02fae9a17d943751e69584ca65ee2,机器可读结论与断言
数据,01_版本基线与封包审计,固化49,机器结果,数据/01_版本基线与封包审计/固化49/机器结果/固化49代码工具文档与数据第一轮审计.json,3387,ba4c27ba354548ebf018d8d6a961011bddebfbca06be5ba1c378ca041ca36320,机器可读结论与断言
数据,01_版本基线与封包审计,固化49,机器结果,数据/01_版本基线与封包审计/固化49/机器结果/固化49最终只读确认审计.json,1779,f74c27156be6e6f89175484a188f88503e6da4464fc77e54f7a410c6742258a4,机器可读结论与断言
数据,01_版本基线与封包审计,固化49,机器结果,数据/01_版本基线与封包审计/固化49/机器结果/固化49第二轮全包只读审计.json,1466,ae9480732953769db7391637d9dbd0c7d6126417a1cd8b16d68738c6b57a2f1a,机器可读结论与断言
数据,01_版本基线与封包审计,固化49,机器结果,数据/01_版本基线与封包审计/固化49/机器结果/本版本全文件SHA与遍历索引_固化49.json,191674,f6ac3a02d91c3e3d2ad4d979422382d9b5718046581972d246a672d21f773e5a,机器可读结论与断言
数据,01_版本基线与封包审计,固化50,机器结果,数据/01_版本基线与封包审计/固化50/机器结果/固化50代码工具文档与数据第一轮审计.json,2815,a926213ad17e958941972a89d9f3177a2a64ca83799348b501f7b3e3f982a2d7,机器可读结论与断言
数据,01_版本基线与封包审计,固化50,机器结果,数据/01_版本基线与封包审计/固化50/机器结果/固化50全文件SHA256索引.json,194608,b2322baa7c955976d6db59a901aa7c6b2561ed006ce11222feb948e35755e18a,机器可读结论与断言
数据,01_版本基线与封包审计,固化50,机器结果,数据/01_版本基线与封包审计/固化50/机器结果/固化50最终只读确认审计.json,17006,28a7cad7f67734068d08e17fa1783bc9c6e804cba366646d51e11f896cb60671,机器可读结论与断言
数据,01_版本基线与封包审计,固化50,机器结果,数据/01_版本基线与封包审计/固化50/机器结果/固化50第二轮全包只读审计.json,1440,0f4fc936f40e214ff5aac761dc943140b36dbc0bbe12d35487dea1bbffbc782c,机器可读结论与断言
数据,01_版本基线与封包审计,固化51,机器结果,数据/01_版本基线与封包审计/固化51/机器结果/固化51代码工具文档与数据第一轮审计.json,2445,b67f8051498ed3ff2c634b3056de8196d7c9518393422b0251514d73bd85caed,机器可读结论与断言
数据,01_版本基线与封包审计,固化51,机器结果,数据/01_版本基线与封包审计/固化51/机器结果/固化51全文件SHA256索引.json,197469,86d6db8b3288549bb6295b31f85f1fbd01d1cc38ec5caa67deb578308daa584c,机器可读结论与断言
数据,01_版本基线与封包审计,固化51,机器结果,数据/01_版本基线与封包审计/固化51/机器结果/固化51最终只读确认审计.json,1572,7fe6fbc5a3275bbeca48c50e8d8a0f982337d80980fc166aeb2484009d4ba0e3,机器可读结论与断言
数据,01_版本基线与封包审计,固化51,机器结果,数据/01_版本基线与封包审计/固化51/机器结果/固化51第二轮全包只读审计.json,1155,cf000275f35eb8f2f64f967f8d0ba968336d1329a57f903b0f8602242cd03d92,机器可读结论与断言
数据,01_版本基线与封包审计,固化52,机器结果,数据/01_版本基线与封包审计/固化52/机器结果/固化52代码工具文档与数据第一轮审计.json,1292,9eb7ed265b424d65c5e2875abbb25ac7a32871dd4faf8b895d69bacf5ced400f,机器可读结论与断言
数据,01_版本基线与封包审计,固化52,机器结果,数据/01_版本基线与封包审计/固化52/机器结果/固化52全文件SHA256索引.json,200390,04901e9819c89ca5f1a704316fbb8a51a4dc36d53046ab0712f2cbfa382f48c8,机器可读结论与断言
数据,01_版本基线与封包审计,固化52,机器结果,数据/01_版本基线与封包审计/固化52/机器结果/固化52最终只读确认审计.json,1542,947849f0e76b8ce56b696292564e8a298c0502da15859d823240a4d443609d98,机器可读结论与断言
数据,01_版本基线与封包审计,固化52,机器结果,数据/01_版本基线与封包审计/固化52/机器结果/固化52第二轮全包只读审计.json,2246,497eb77bec0384190b05536540415c66cefc5922e02efc9afc6a327379a418be,机器可读结论与断言
数据,01_版本基线与封包审计,固化53,机器结果,数据/01_版本基线与封包审计/固化53/机器结果/固化53代码工具文档与数据第一轮审计.json,1280,a69a6e1f4249be226d8dd8efc900a595ea18a04bdc7548037c2a433a01122b92,机器可读结论与断言
数据,01_版本基线与封包审计,固化53,机器结果,数据/01_版本基线与封包审计/固化53/机器结果/固化53全文件SHA256索引.json,203318,c65a6d4e9941b7d4cfbe0020200d9c15cb1938ebafb5ca6b9f0ddeb5327bf119,机器可读结论与断言
数据,01_版本基线与封包审计,固化53,机器结果,数据/01_版本基线与封包审计/固化53/机器结果/固化53最终只读确认审计.json,1539,bad830a2fbe2e366a3c24827182eeada75bca17aebc4bc4e4d0a71f2be7f9d9f,机器可读结论与断言
数据,01_版本基线与封包审计,固化53,机器结果,数据/01_版本基线与封包审计/固化53/机器结果/固化53第二轮全包只读审计.json,1449,2e8faa021f7f7d8bba853e6751be1ee32892a21d82becf3fd9cffe4c6c7f22f5,机器可读结论与断言
数据,01_版本基线与封包审计,固化54,机器结果,数据/01_版本基线与封包审计/固化54/机器结果/固化54代码工具文档与数据第一轮审计.json,1094,489622216be20a321b5fb0a2d96d6906c41e9d0634c1a8c9ae6742f90f1d6bd6,机器可读结论与断言
数据,01_版本基线与封包审计,固化54,机器结果,数据/01_版本基线与封包审计/固化54/机器结果/固化54全文件SHA256索引.json,206209,c4db801538809c1a9f97058c46fe1e153a0cda45a525796e16803484a9cf2e09,机器可读结论与断言
数据,01_版本基线与封包审计,固化54,机器结果,数据/01_版本基线与封包审计/固化54/机器结果/固化54最终只读确认审计.json,1585,861f12cf086b339ea1d7fa0e14a8260a6a47738686b9a7981f9aada8480e447e,机器可读结论与断言
数据,01_版本基线与封包审计,固化54,机器结果,数据/01_版本基线与封包审计/固化54/机器结果/固化54第二轮全包只读审计.json,1513,7e78d2a5556e22f8dee9e72ac3c542ee3c284570c74e162cebe83e213b9f6ae2,机器可读结论与断言
数据,01_版本基线与封包审计,固化55,机器结果,数据/01_版本基线与封包审计/固化55/机器结果/固化55代码工具文档与数据第一轮审计.json,10845,425d753f3a243345259f749827f173967d4a8e791c75f1b0803416f2e4d110c9,机器可读结论与断言
数据,01_版本基线与封包审计,固化55,机器结果,数据/01_版本基线与封包审计/固化55/机器结果/固化55全文件SHA256索引.json,209819,41d4866e0d914450b0f58f489b5ee916d2a25ef203559ea8214104a21d63592c,机器可读结论与断言
数据,01_版本基线与封包审计,固化55,机器结果,数据/01_版本基线与封包审计/固化55/机器结果/固化55最终只读确认审计.json,20650,fe62e7bf01edb3b27d690eab86ce757919572e23b92f32e386b4afeee7c2ec9c,机器可读结论与断言
数据,01_版本基线与封包审计,固化55,机器结果,数据/01_版本基线与封包审计/固化55/机器结果/固化55第二轮全包只读审计.json,4420,ae10606783271d0ba68cd47addc2e4e46d012e7d266893db5ff66e04fd2f505a,机器可读结论与断言
数据,01_版本基线与封包审计,固化55,机器结果,数据/01_版本基线与封包审计/固化55/机器结果/固化55预审失败记录_新工具注释密度不足.json,10181,72fabb1a22609d71918da6c6337e091c0cb93c81431c9649e0274d7bec1e4a5c,机器可读结论与断言
数据,01_版本基线与封包审计,固化56,机器结果,数据/01_版本基线与封包审计/固化56/机器结果/固化56代码工具文档与数据第一轮审计.json,6273,ca58fe939f9ced9ae564c4f69e24281a705bfa4fbb288f652f6b45c39bd2df7c,机器可读结论与断言
数据,01_版本基线与封包审计,固化56,机器结果,数据/01_版本基线与封包审计/固化56/机器结果/固化56全文件SHA256索引.json,213671,36671fcbb468615c8872c77296602c301cf6679ff48c391cfeabb272260fb150,机器可读结论与断言
数据,01_版本基线与封包审计,固化56,机器结果,数据/01_版本基线与封包审计/固化56/机器结果/固化56双轮独立原始输入重放审计.json,1563,a26ffda5e769ef30fc39c169632d262a59ea3f8c2883fe6ecebc70b26974b84a,机器可读结论与断言
数据,01_版本基线与封包审计,固化56,机器结果,数据/01_版本基线与封包审计/固化56/机器结果/固化56最终只读确认审计.json,26017,3af306202e55f86d720510d19364ad74f46c75f3f08d694b798832694615f0b6,机器可读结论与断言
数据,01_版本基线与封包审计,固化56,机器结果,数据/01_版本基线与封包审计/固化56/机器结果/固化56第二轮全包只读审计.json,14019,2f6febf83979ddcd9daa147a7bd5cbfdbabd066fd8c85d17c5f3bf843d87ca06,机器可读结论与断言
数据,01_版本基线与封包审计,固化56,机器结果,数据/01_版本基线与封包审计/固化56/机器结果/固化56预审失败记录_旧节点状态扫描与文档包入口残留.json,7072,0f6913951ae2fef304edad25dd50785a1bc28e4f95daac98f2c2c54d4bf92b36,机器可读结论与断言
数据,01_版本基线与封包审计,固化56,机器结果,数据/01_版本基线与封包审计/固化56/机器结果/固化56预审失败记录_第二轮横幅匹配条件过严.json,30412,68ec4c032d82ed5313363cb1e6855ab2dc45349525edfb78ca70bda8a4c58336,机器可读结论与断言
数据,01_版本基线与封包审计,固化57,机器结果,数据/01_版本基线与封包审计/固化57/机器结果/固化57代码工具文档与数据第一轮审计.json,8392,0850c3081e8fec9ddf86d18c224e983b2cf5d9652875c4ccc5203d61e0034d59,机器可读结论与断言
数据,01_版本基线与封包审计,固化57,机器结果,数据/01_版本基线与封包审计/固化57/机器结果/固化57全文件SHA256索引.json,219083,56e44f4c58d430c2b7f2d0cab6ff6d56e3580c4c6309b883d4ee0f6ecedc43f8,机器可读结论与断言
数据,01_版本基线与封包审计,固化57,机器结果,数据/01_版本基线与封包审计/固化57/机器结果/固化57双轮独立原始输入重放审计.json,3715,16252ceb3576e0a18f8fda347695c7c4dd9fcbd395681e818b5abcbb20a06461,机器可读结论与断言
数据,01_版本基线与封包审计,固化57,机器结果,数据/01_版本基线与封包审计/固化57/机器结果/固化57最终只读确认审计.json,29079,8d809b41e472b24b6c2498aa79b7d175c6d4087def3a072a98ca2f05219bf921,机器可读结论与断言
数据,01_版本基线与封包审计,固化57,机器结果,数据/01_版本基线与封包审计/固化57/机器结果/固化57第二轮全包只读审计.json,9161,c05b5a96459c6b7709c7b9e72ca0c02e06372d223bcba82f8b54f4e1936fdb4c,机器可读结论与断言
数据,01_版本基线与封包审计,固化57,机器结果,数据/01_版本基线与封包审计/固化57/机器结果/固化57第二轮全包只读审计_失败记录_历史审查文字误报为活跃状态.json,9006,0bad3f26d2352a2eac4ae40a693d52afde782e06f9b132861fa6cc35172e350f,机器可读结论与断言
数据,01_版本基线与封包审计,固化57,机器结果,数据/01_版本基线与封包审计/固化57/机器结果/固化57预审失败记录_旧节点残留与扫描规则过宽.json,11424,ca32eff72d748694f994ffaad778df6de50c88b06a1e09d53979fd82d0a6ff50,机器可读结论与断言
数据,01_版本基线与封包审计,固化57,机器结果,数据/01_版本基线与封包审计/固化57/机器结果/固化57预审失败记录_第二次扫描未覆盖历史审查标签.json,8892,5b9f1a33c0541b6044e79d6a76829ede439dfd27dedd6d2c160c8533b316eb58,机器可读结论与断言
数据,01_版本基线与封包审计,固化58,机器结果,数据/01_版本基线与封包审计/固化58/机器结果/固化58代码工具文档与数据第一轮审计.json,5623,a2af861bbaeafc65275baf038245bea28c4a9ce5dab1c3c709831db91ea64e52,机器可读结论与断言
数据,01_版本基线与封包审计,固化58,机器结果,数据/01_版本基线与封包审计/固化58/机器结果/固化58全文件SHA256索引.json,223775,4a308de48968fc1028b9468225da610fbe61c3d2e02de24d50b0f284ed9ad6da,机器可读结论与断言
数据,01_版本基线与封包审计,固化58,机器结果,数据/01_版本基线与封包审计/固化58/机器结果/固化58双轮独立原始输入重放审计.json,876,19b958c1bc2a4f156e79520a7c496052427e5b490df2eb9260af176a6da47f8d,机器可读结论与断言
数据,01_版本基线与封包审计,固化58,机器结果,数据/01_版本基线与封包审计/固化58/机器结果/固化58恢复后预审失败记录_step字节文字多写FF.json,481,842f15707e37a46cafb64d70e71b8f87e83836bfc538c75b4afbdf05fe251bd9,机器可读结论与断言
数据,01_版本基线与封包审计,固化58,机器结果,数据/01_版本基线与封包审计/固化58/机器结果/固化58最终只读确认审计.json,14453,7f08e5c1a1700c2a7d2963c6633f9a7955a7d6129b88732b612d2abc1f25f71f,机器可读结论与断言
数据,01_版本基线与封包审计,固化58,机器结果,数据/01_版本基线与封包审计/固化58/机器结果/固化58第二轮全包只读审计.json,585,5cd9918f0f38322d3cb55979b5d934549810407c5505e08cbabd3071a7031ddc,机器可读结论与断言
数据,01_版本基线与封包审计,固化58,机器结果,数据/01_版本基线与封包审计/固化58/机器结果/固化58预审失败记录_双实例锚点断言长度写错.json,450,e7c43adddc940865f1eea56de52664566682985cb007a8483ce90fc07ecbe3c7,机器可读结论与断言
数据,01_版本基线与封包审计,固化59,机器结果,数据/01_版本基线与封包审计/固化59/机器结果/固化59代码工具文档与数据第一轮审计.json,6050,515aed789d3a513896381f79a885af345aed33e412f15a5077c35ea4c803c15a,机器可读结论与断言
数据,01_版本基线与封包审计,固化59,机器结果,数据/01_版本基线与封包审计/固化59/机器结果/固化59全文件SHA256索引.json,228490,cea8755065f88bdab77630c7d51f6c8eacd02f70d7f82ed2fc3896ec211008b4,机器可读结论与断言
数据,01_版本基线与封包审计,固化59,机器结果,数据/01_版本基线与封包审计/固化59/机器结果/固化59双轮独立原始输入重放审计.json,1178,af3ed84f93a60e7e4db94640ac8e2ba4705af91ab19f7d33fe0ddb75abea6dd0,机器可读结论与断言
数据,01_版本基线与封包审计,固化59,机器结果,数据/01_版本基线与封包审计/固化59/机器结果/固化59最终只读确认审计.json,14628,2ab49c36446e02d7ba45b7742254e1173e78b86cf2827bd9eb30225f9fc5b2be,机器可读结论与断言
数据,01_版本基线与封包审计,固化59,机器结果,数据/01_版本基线与封包审计/固化59/机器结果/固化59第二轮全包只读审计.json,639,d41689fe60ca6333d523b0f8d04e8f6169805a0c3fc9ba9e958c5832f25198aa,机器可读结论与断言
数据,01_版本基线与封包审计,固化59,机器结果,数据/01_版本基线与封包审计/固化59/机器结果/固化59预审失败记录_工具缓存污染.json,6208,bc874311e9ca37edee8c058aef5688373e8583c358d3baeb0522b0dd90352240,机器可读结论与断言
数据,01_版本基线与封包审计,固化60,机器结果,数据/01_版本基线与封包审计/固化60/机器结果/固化60全文件SHA256索引.json,232028,fe582f7698ebabdc1c6a367d6ece91f24b6b3e577aca01ffacfc452a05123461,机器可读结论与断言
数据,01_版本基线与封包审计,固化60,机器结果,数据/01_版本基线与封包审计/固化60/机器结果/固化60双轮独立原始输入重放审计.json,996,7eff88de7f98a3b2ed35267ea25aff09ad38bacc77a241692347fec4dfe7e24c,机器可读结论与断言
数据,01_版本基线与封包审计,固化60,机器结果,数据/01_版本基线与封包审计/固化60/机器结果/固化60文档冻结后最终只读确认.json,22946,6d279a516f1538f286fd90f999b6915eb92f47f720db8806bce496dc96fcc680,机器可读结论与断言
数据,01_版本基线与封包审计,固化60,机器结果,数据/01_版本基线与封包审计/固化60/机器结果/固化60第一轮正式封包审计.json,1135,5fb5241ee6aee03530d1b4d4a01c684fa5a06ce986d31e4edcf8da721b7d9726,机器可读结论与断言
数据,01_版本基线与封包审计,固化60,机器结果,数据/01_版本基线与封包审计/固化60/机器结果/固化60第二轮全包只读审计.json,1075,299d0343cd62343fc86e5299f6e5a2b82a04929d8d3a21d140cf753c347e4c62,机器可读结论与断言
数据,01_版本基线与封包审计,固化60,机器结果,数据/01_版本基线与封包审计/固化60/机器结果/固化60预审失败记录_历史工具帮助串行重跑超时.json,607,4723a271d76505892a4a58d3e606d2280ddc79c5a3a6c53aa18851f72431994c,机器可读结论与断言
数据,01_版本基线与封包审计,固化60,机器结果,数据/01_版本基线与封包审计/固化60/机器结果/固化60预审失败记录_双轮重放输入路径归一化不足.json,1663,76ec1333d4f7dff9f8419dacdaca5d979fda35ba825873be914004303a4acec1,机器可读结论与断言
数据,01_版本基线与封包审计,固化60,机器结果,数据/01_版本基线与封包审计/固化60/机器结果/固化60预审失败记录_旧节点扫描正则误报.json,2143,92a7c98360cc9935a8be6b59d683ca1fe6761a46d9d167be1b36f8134131c205,机器可读结论与断言
数据,01_版本基线与封包审计,固化61,机器结果,数据/01_版本基线与封包审计/固化61/机器结果/固化61全文件SHA256索引.json,236732,dd75b72cbe820c62f2d9c273556917df7767e314a0902f2e06bd1db6f94f5e5f,机器可读结论与断言
数据,01_版本基线与封包审计,固化61,机器结果,数据/01_版本基线与封包审计/固化61/机器结果/固化61双轮独立原始输入重放审计.json,938,d79b061d7e6580831410e452239e2e1e62b38825a0be738d09074f6ff3e9a582,机器可读结论与断言
数据,01_版本基线与封包审计,固化61,机器结果,数据/01_版本基线与封包审计/固化61/机器结果/固化61封包预审_手工py_compile缓存污染_FAIL.json,574,5828e1bfbb0da798e20dbd14efd68048b206fea88970718f76fbe3113971cced,机器可读结论与断言
数据,01_版本基线与封包审计,固化61,机器结果,数据/01_版本基线与封包审计/固化61/机器结果/固化61文档冻结后最终只读确认.json,22481,675a69f663d038de91d723adb4ebcd8319d89ad9a34953afd1678c651a1d5b26,机器可读结论与断言
数据,01_版本基线与封包审计,固化61,机器结果,数据/01_版本基线与封包审计/固化61/机器结果/固化61第一轮正式封包审计.json,925,c0d8620e73a0366dc6f059c2caa8934feb660425287e7fd5a74344501d2b9a42,机器可读结论与断言
数据,01_版本基线与封包审计,固化61,机器结果,数据/01_版本基线与封包审计/固化61/机器结果/固化61第二轮全包只读审计.json,491,57eae5ae175276026d1a0c29744e0f832396d316edda8bafee0031a1800b2ebf,机器可读结论与断言
数据,01_版本基线与封包审计,固化61,机器结果,数据/01_版本基线与封包审计/固化61/机器结果/固化61第二轮全包只读审计_旧节点扫描贪婪正则误报_FAIL.json,1148,e888012d99b1b0cb038f4dc0565b213a12ed41f72aa6f27ae18220bba462b77a,机器可读结论与断言
数据,01_版本基线与封包审计,固化61,机器结果,数据/01_版本基线与封包审计/固化61/机器结果/固化61调查器预审_FIRTTECH_ID与物理索引过强断言_FAIL.json,624,11f22072c3121644543ea256479199f94da96a9232fc6e237bb426d3f5ccf46f,机器可读结论与断言
数据,01_版本基线与封包审计,固化61,机器结果,数据/01_版本基线与封包审计/固化61/机器结果/固化61调查器预审_PE32ImageBase偏移错误_FAIL.json,538,e64a8eea1740ef87395c497f6b5f6929c35c96e1b31e555d49f39f4116651e0d,机器可读结论与断言
数据,01_版本基线与封包审计,固化62,机器结果,数据/01_版本基线与封包审计/固化62/机器结果/固化62双轮独立原始输入重放审计.json,2059,ed76517959e3f47b785ded861282ec8bd3484ce1ca6e070611a7c0ae728f6b0b,机器可读结论与断言
数据,01_版本基线与封包审计,固化62,机器结果,数据/01_版本基线与封包审计/固化62/机器结果/固化62文档冻结后最终只读确认.json,16710,21eff1f42c588102b9c155188e97c695fed540312758e938220ffa8c83bae253,机器可读结论与断言
数据,01_版本基线与封包审计,固化62,机器结果,数据/01_版本基线与封包审计/固化62/机器结果/固化62第一轮正式封包审计.json,5273,5a054deb4c52c7219bfa1e95da7174350dc49b027ca68aaca8d59b407ee521af,机器可读结论与断言
数据,01_版本基线与封包审计,固化62,机器结果,数据/01_版本基线与封包审计/固化62/机器结果/固化62第二轮全包只读审计.json,6838,19462422a728740aaf9fcb82a5556ca1598c268c3ee59b8ec4132532228453ed,机器可读结论与断言
数据,01_版本基线与封包审计,固化63,机器结果,数据/01_版本基线与封包审计/固化63/机器结果/固化63全文件SHA256索引.json,242599,cdc9073451da68a12a8c46b85794cac5820e5e1d6c3f087a32580598145b9e46,机器可读结论与断言
数据,01_版本基线与封包审计,固化63,机器结果,数据/01_版本基线与封包审计/固化63/机器结果/固化63双轮独立原始输入重放审计.json,993,d89bdbb1d7df0fb33098b04c25a1f6162dd5ea10100b5a26b2c4b4dafc59f7e2,机器可读结论与断言
数据,01_版本基线与封包审计,固化63,机器结果,数据/01_版本基线与封包审计/固化63/机器结果/固化63文档冻结后最终只读确认.json,16468,a5c537786708b64b69669c55d352163e806353bbbf7b2b3222fac442dedbda48,机器可读结论与断言
数据,01_版本基线与封包审计,固化63,机器结果,数据/01_版本基线与封包审计/固化63/机器结果/固化63第一轮封包预审_FAIL_旧现行状态与历史审查标签.json,5563,969f9cc52dc2e31ba7b8c9ef844f0a9e84fd80a7ef0f27ac16932dd83a1a20a8,机器可读结论与断言
数据,01_版本基线与封包审计,固化63,机器结果,数据/01_版本基线与封包审计/固化63/机器结果/固化63第一轮正式封包审计.json,4694,e3476bb67dec6f283a0b6af6f4b86bba3491b3d1c29b85f51363b9a7af4e4331,机器可读结论与断言
数据,01_版本基线与封包审计,固化63,机器结果,数据/01_版本基线与封包审计/固化63/机器结果/固化63第二轮全包只读审计.json,1077,05a6653acfed9f392bca6f56e72ff0890ee5f5264ba2b56dbbf5f440e47d9903,机器可读结论与断言
数据,01_版本基线与封包审计,固化64,机器结果,数据/01_版本基线与封包审计/固化64/机器结果/固化64双轮独立原始输入重放审计.json,1060,1dc858be4522c9bb6e7ab8bd2b0ccaad553e13eea04b616c004425354fcc5872,机器可读结论与断言
数据,01_版本基线与封包审计,固化64,机器结果,数据/01_版本基线与封包审计/固化64/机器结果/固化64封包预审_FAIL_旧节点扫描器继承语句误报.json,5284,c1e7c866aae2a025a20f835bcf35559feba2994ae37eb9919f4b292e13385b33,机器可读结论与断言
数据,01_版本基线与封包审计,固化64,机器结果,数据/01_版本基线与封包审计/固化64/机器结果/固化64文档冻结后最终只读确认.json,16690,03ca0ed4bb9b601ffa154c224efbfa87446aa4fbae479658b45dbc582c4292a0,机器可读结论与断言
数据,01_版本基线与封包审计,固化64,机器结果,数据/01_版本基线与封包审计/固化64/机器结果/固化64第一轮正式封包审计.json,2606,332fc7210aa243733550e34a845b2da739a7a4d0195a66b549db633b8963d52e,机器可读结论与断言
数据,01_版本基线与封包审计,固化64,机器结果,数据/01_版本基线与封包审计/固化64/机器结果/固化64第二轮全包只读审计.json,1003,6beaad4188b2180c8e3dc0f8d30e29973897634f4fd98019d6d08c969cdef070,机器可读结论与断言
数据,01_版本基线与封包审计,固化64,机器结果,数据/01_版本基线与封包审计/固化64/机器结果/固化64重放预审_FAIL_只屏蔽顶层输入路径.json,1322,f21fe838f69de2a79a14bb1998c409806331ece1e119ccbd13abeb4e68b1d1f1,机器可读结论与断言
数据,01_版本基线与封包审计,固化64,机器结果,数据/01_版本基线与封包审计/固化64/机器结果/本版本全文件SHA与遍历索引_固化64.json,246932,b052072d4ee6698dec50e5fbbdfd3b3bd73f132b14a66dd91d6a9858f33f344d,机器可读结论与断言
数据,01_版本基线与封包审计,固化64,机器结果,数据/01_版本基线与封包审计/固化64/机器结果/预审失败_调查器错误把不可达BC7当成class4活动状态.json,1157,d6ab3636321937ece497ee4bc24acfff73e7c19f705cde0885ec8804a6a45e89,机器可读结论与断言
数据,01_版本基线与封包审计,固化64整理版1,机器结果,数据/01_版本基线与封包审计/固化64整理版1/机器结果/固化64独立验收与文档精简审计.json,5705,5dac45a2f9ced76db6b508505eafde352d2f119535777108dee29ea52986d818,机器可读结论与断言
数据,01_版本基线与封包审计,固化64整理版1,机器结果,数据/01_版本基线与封包审计/固化64整理版1/机器结果/文档合并与原路径映射.json,72207,dcd262e2ece1f32d907640116c374b6807130e258fdf8a57cbb6f5b79e3c4652,机器可读结论与断言
数据,01_版本基线与封包审计,固化64整理版1,机器结果,数据/01_版本基线与封包审计/固化64整理版1/机器结果/本版本全文件SHA与遍历索引_固化64整理版1.json,225208,1582b2563b8edb6106353c0153d13c73586f8c36facbf3275b2c9e8f4218ec66,机器可读结论与断言
数据,01_版本基线与封包审计,固化64整理版1,机器结果,数据/01_版本基线与封包审计/固化64整理版1/机器结果/精简删除与合并映射.json,3785,c1a8fd54010f55fcc41a7ad2297efc9f78bc76dcf6002329d2f5f8273f29d8d8,机器可读结论与断言
数据,01_版本基线与封包审计,固化66,机器结果,数据/01_版本基线与封包审计/固化66/机器结果/固化66封包前全量只读审计.json,4556,829b2dc3a7378890c70b54ef8b189d0bb667403e1b2d84db5bd4dce3dd38c36c,机器可读结论与断言
数据,01_版本基线与封包审计,固化66,机器结果,数据/01_版本基线与封包审计/固化66/机器结果/本版本全文件SHA与遍历索引_固化66.json,229024,05cbbdb7337ad81b5f92f1556f3c537f7363a65cd87104edfdfd6666c28d618a,机器可读结论与断言
数据,01_版本基线与封包审计,固化68,机器结果,数据/01_版本基线与封包审计/固化68/机器结果/原版兼容补丁面与既有覆盖独立复核.json,39184,eea38c9e97c4582f5e4b91efa1920b5665a6fcd4078e5403bfe8183ca376778e,机器可读结论与断言
数据,01_版本基线与封包审计,固化68,机器结果,数据/01_版本基线与封包审计/固化68/机器结果/固化67至68双轮独立输入重放审计.json,3553,c1e8d87be53ee91867db5a697d96a210714fbf95f57b7fe41504a748446a7285,机器可读结论与断言
数据,01_版本基线与封包审计,固化68,机器结果,数据/01_版本基线与封包审计/固化68/机器结果/固化68封包前全量审计.json,3323,b344505e8574951c1e1fc43d04de458b28c79600550b1a2553473d342622a204,机器可读结论与断言
数据,01_版本基线与封包审计,固化68,表格明细,数据/01_版本基线与封包审计/固化68/表格明细/原版兼容补丁位点独立验证明细.csv,2078,c0a3da5c6f3b67720c4098b11777b4ed72438b33ec61d4a21ff07723fe2bdde4,逐项筛选和人工核对
数据,01_版本基线与封包审计,基础阶段,机器结果,数据/01_版本基线与封包审计/基础阶段/机器结果/历史回归_v0.7C_自动回归检查结果.json,3023,72bb2f93ddd33ad968b2280cb97b4610154ecc17809f447e27754629d550028f,机器可读结论与断言
数据,01_版本基线与封包审计,基础阶段,机器结果,数据/01_版本基线与封包审计/基础阶段/机器结果/本整理版样本结构复核.json,94928,e00cf012ed608a175c95fbc9c747648f42cd1c8a9c8d0128a596c71ff2ae2903,机器可读结论与断言
数据,01_版本基线与封包审计,基础阶段,机器结果,数据/01_版本基线与封包审计/基础阶段/机器结果/本版本自动回归检查结果.json,1445,843579a1e9a7960f35462e76815a857ee2e6988e630cefaa017bfef7f025b1b4,机器可读结论与断言
数据,01_版本基线与封包审计,基础阶段,机器结果,数据/01_版本基线与封包审计/基础阶段/机器结果/源包全文件SHA与遍历索引.json,246630,581d802adde8a8cf08693a1e5ad4fdf19b134875055797941c7b48f179be7012,机器可读结论与断言
数据,01_版本基线与封包审计,基础阶段,机器结果,数据/01_版本基线与封包审计/基础阶段/机器结果/补充线程证据来源.json,397,2ac160272e0646b54230cf5afe767f0af6c9f2f40d5d5f018fbd9cbecfa49f9a,机器可读结论与断言
数据,02_公共数据加密与数据库,基础阶段,机器结果,数据/02_公共数据加密与数据库/基础阶段/机器结果/ENC全样本解码校验结果.json,8978,2246a85e30a1943264896cae4ec186c1fd0894e1c0714b69893f9cc42c3be076,机器可读结论与断言
数据,02_公共数据加密与数据库,基础阶段,机器结果,数据/02_公共数据加密与数据库/基础阶段/机器结果/ENC字段访问图_v0.7A.json,20502,a5dde1526062070eb200debc651230b54ab0955376fb2ddc3933868e805f0aa6,机器可读结论与断言
数据,02_公共数据加密与数据库,基础阶段,机器结果,数据/02_公共数据加密与数据库/基础阶段/机器结果/ENC格式与表结构_v0.7A.json,21108,6a2d4132c11bbe1b9d8e90e52271005e94cdd033d4277fcdeb886d08d229f7a5,机器可读结论与断言
数据,02_公共数据加密与数据库,基础阶段,表格明细,数据/02_公共数据加密与数据库/基础阶段/表格明细/ENC表结构总览_v0.7A.csv,1855,5cf12fd32a8b3f20dddbf7ebc0d7070910e20c56e526eb4d91cbab64db24d037,逐项筛选和人工核对
数据,03_事件与脚本系统,固化22,机器结果,数据/03_事件与脚本系统/固化22/机器结果/事件与战斗指令_RPG静态回归_固化22.json,17717,aedbd67f3793f29edec1e16f45c00f1b73e19c2a166d6967ebbb2dcfea4a29ee,机器可读结论与断言
数据,03_事件与脚本系统,固化23,机器结果,数据/03_事件与脚本系统/固化23/机器结果/SCI实体事件绑定_RPG静态回归_固化23.json,4038,571f695619b41477403f865ce9e3ddb7f23e918f4a95f2d81eb85f6aed27b429,机器可读结论与断言
数据,03_事件与脚本系统,固化23,机器结果,数据/03_事件与脚本系统/固化23/机器结果/SCI实体双事件触发协议静态闭合_固化23.json,1533,bfecc7c91d839bcd5bbb070c1d84cb20aed3736a740f53914837cff969442ce0,机器可读结论与断言
数据,03_事件与脚本系统,固化24,机器结果,数据/03_事件与脚本系统/固化24/机器结果/SCI实体事件绑定_RPG静态回归_固化24_继承复核.json,4035,a49e7b23ae68a3f4dd6aa0c34a06d9410fd9f9e6430a0df136eb5b9389cc4f85,机器可读结论与断言
数据,03_事件与脚本系统,基础阶段,机器结果,数据/03_事件与脚本系统/基础阶段/机器结果/EVE_Opcode完整映射.json,100973,32cd7acbadbf9e074a56d2c1015013018f0199b4575c527d5daf7c6906f57c8c,机器可读结论与断言
数据,03_事件与脚本系统,基础阶段,机器结果,数据/03_事件与脚本系统/基础阶段/机器结果/EVE_Opcode语义词典.json,90734,9f9a52b798d1f9aadea54cd13190ae4faacf134c00d3a090f5d6d793bac5b98c,机器可读结论与断言
数据,03_事件与脚本系统,基础阶段,机器结果,数据/03_事件与脚本系统/基础阶段/机器结果/EVE对话实体转场与延迟协议_v0.6.json,18399,6f30d8933bbc65e36c0cf649ef380bc0dd001cc66dd58070adedf0eb689b49df,机器可读结论与断言
数据,03_事件与脚本系统,基础阶段,机器结果,数据/03_事件与脚本系统/基础阶段/机器结果/EVE样本解析结果.json,21914,510b1109c52967932c191ff24336f3d7d6059f46a27755176801a1936dbb8651,机器可读结论与断言
数据,03_事件与脚本系统,基础阶段,机器结果,数据/03_事件与脚本系统/基础阶段/机器结果/EVE角色库存命令簇_v0.6.json,6050,a429dd2a3be7d74d2a1f29ed4edd4747609e522e9faef7c8e4e69eeca343187b,机器可读结论与断言
数据,03_事件与脚本系统,基础阶段,机器结果,数据/03_事件与脚本系统/基础阶段/机器结果/EVE阶段A剩余补证项_v0.7A.json,31597,5f8fbd6e897bc06dc6be8bde0169e4792cbda5fa8b9529f0f0dd3fa216c4b9b6,机器可读结论与断言
数据,03_事件与脚本系统,基础阶段,机器结果,数据/03_事件与脚本系统/基础阶段/机器结果/EVE阶段A复杂命令簇_v0.7A.json,10187,7f1fe6c625e506229a3c09a2636a329f9babc7b83440a58b8f7cbb6f2af36b26,机器可读结论与断言
数据,03_事件与脚本系统,基础阶段,机器结果,数据/03_事件与脚本系统/基础阶段/机器结果/直接调用引用_0x43B8F0_EVE双资源调整.json,319,b47057aa0f12a7eb2d50c2ec85beace3251668f9bd2d7c6fc198daf8a13be8b0,机器可读结论与断言
数据,03_事件与脚本系统,基础阶段,表格明细,数据/03_事件与脚本系统/基础阶段/表格明细/EVE_Opcode完整映射.csv,35351,7c28c7ca61d457d34a5264f7df1eee4084d37ec427130bd9ab6e55fd04a943d3,逐项筛选和人工核对
数据,03_事件与脚本系统,基础阶段,表格明细,数据/03_事件与脚本系统/基础阶段/表格明细/EVE_Opcode语义词典.csv,29974,ae1158511e09e21caba60cbca5daf89364cc0476ea007d72b427a86b4c2b139c,逐项筛选和人工核对
数据,04_场景实体界面与存档,固化22,机器结果,数据/04_场景实体界面与存档/固化22/机器结果/D8非Battle核心11点静态语义闭合_固化22.json,2831,1162ecb7089d5c0ae30cd6129ca34f4e0e2c9606274448b9501db82e37c9edc0,机器可读结论与断言
数据,04_场景实体界面与存档,固化22,机器结果,数据/04_场景实体界面与存档/固化22/机器结果/Interface天書资源对照回归_固化22.json,28497,0f30561401eab8e59b52a95507f2c18a311489ece81c461f24a3ff6bbf232f85,机器可读结论与断言
数据,04_场景实体界面与存档,固化22,机器结果,数据/04_场景实体界面与存档/固化22/机器结果/SCI地图尾字段_RPG静态回归_固化22.json,19782,56653a6afc9e2d4eedb3b5d2669ea4b36692949ce79c789b583631268083fb4b,机器可读结论与断言
数据,04_场景实体界面与存档,固化22,机器结果,数据/04_场景实体界面与存档/固化22/机器结果/SCI地图背景相机模式_RPG静态回归_固化22.json,3913,b14b674be6b73af862d840f335af0807d65805e92609db604bec222e89d66b8c,机器可读结论与断言
数据,04_场景实体界面与存档,固化22,机器结果,数据/04_场景实体界面与存档/固化22/机器结果/SCI实体行为与移动档样本统计_固化22.json,874,2a791d717db2739dc6fafa9f1968c1c53e578e0b20be1d3f893600fffecebd19,机器可读结论与断言
数据,04_场景实体界面与存档,固化22,机器结果,数据/04_场景实体界面与存档/固化22/机器结果/SCI实体行为类型与移动档_RPG静态回归_固化22.json,9493,d39c93c5d8c114f76025c890322d1ba48c6614a944b345d92c6cfc5485af53e3,机器可读结论与断言
数据,04_场景实体界面与存档,固化22,机器结果,数据/04_场景实体界面与存档/固化22/机器结果/SCI样本全量解析_固化22.json,99462,baa7c8a67b5549cab21a382d2b2a0538d79fd0563ce32f3e6616e062b2f8720f,机器可读结论与断言
数据,04_场景实体界面与存档,固化22,表格明细,数据/04_场景实体界面与存档/固化22/表格明细/D8非Battle核心11点静态语义明细_固化22.csv,4089,70abfb710d21607fdd8411beca3fde6293ba2323a1b82890147b91b53e69989f,逐项筛选和人工核对
数据,04_场景实体界面与存档,固化22,表格明细,数据/04_场景实体界面与存档/固化22/表格明细/SCI实体行为与移动档样本明细_固化22.csv,2130,3d7b4af846bb45e1cb92b9e7749d065baa0a8199405e4a5d48b0a293a57d9385,逐项筛选和人工核对
数据,04_场景实体界面与存档,固化22,表格明细,数据/04_场景实体界面与存档/固化22/表格明细/已知Oracle地址索引_v0.7D阶段中固化22.csv,1942,d6c5b2d71e5cd3ea7ab67d067cea2b59b9fb0de19f2b38bb0168374f05a48c5b,逐项筛选和人工核对
数据,04_场景实体界面与存档,固化23,机器结果,数据/04_场景实体界面与存档/固化23/机器结果/Interface天書资源对照回归_固化23_继承复核.json,28528,8325b9578ba8ae4d08d4f4e8df6042978a34305c9ac4577c043edaa4d258694f,机器可读结论与断言
数据,04_场景实体界面与存档,固化23,机器结果,数据/04_场景实体界面与存档/固化23/机器结果/MapSCI未知块直接访问审计_固化23.json,1205,db01b9ac2fb37598428cb4ca0c64b4931e141a1010733124fdb493bbdde3db65,机器可读结论与断言
数据,04_场景实体界面与存档,固化23,机器结果,数据/04_场景实体界面与存档/固化23/机器结果/SCI地图尾字段_RPG静态回归_固化23_继承复核.json,19789,680a2c92e23db3cc704a0da10947db5687d7b5b6387bfa5b69a30823b1f90d79,机器可读结论与断言
数据,04_场景实体界面与存档,固化23,机器结果,数据/04_场景实体界面与存档/固化23/机器结果/SCI实体未知字段直接访问负证据_固化23.json,988,04e26219e99967bfeb871acf4dd2aabba0395e9216c526b5424bb855bf4decd5,机器可读结论与断言
数据,04_场景实体界面与存档,固化23,机器结果,数据/04_场景实体界面与存档/固化23/机器结果/SCI实体行为_RPG静态回归_固化23_继承复核.json,9804,0fa4743715905e8ca5532ef097710210a0bffd8ae7e7021a8303e91f24277e81,机器可读结论与断言
数据,04_场景实体界面与存档,固化23,机器结果,数据/04_场景实体界面与存档/固化23/机器结果/SCI背景模式_RPG静态回归_固化23_继承复核.json,3920,069f22718b6281c78a4843a3f48f4d0cde3e4675f3b187dbbd3c08906fff6daf,机器可读结论与断言
数据,04_场景实体界面与存档,固化23修正版2,机器结果,数据/04_场景实体界面与存档/固化23修正版2/机器结果/实体未知字节直接消费者审计_固化23修正版2.json,1792,ecfd5cc710b61440c0e571a0629b41c0ca9b50fec4d9e4b418ff4965663b3917,机器可读结论与断言
数据,04_场景实体界面与存档,固化24,机器结果,数据/04_场景实体界面与存档/固化24/机器结果/Entity尾部未知字段直接访问审计_固化24.json,2293,03506a726d78da203d098b5d8d717f9f2a0d515ab76a3b35138cf49ecd327a0c,机器可读结论与断言
数据,04_场景实体界面与存档,固化24,机器结果,数据/04_场景实体界面与存档/固化24/机器结果/SCI实体行为_RPG静态回归_固化24_继承复核.json,9801,3d85685e102141a75e3086f20192badc387263e8d2072468233d75e2efef3a15,机器可读结论与断言
数据,04_场景实体界面与存档,固化24,机器结果,数据/04_场景实体界面与存档/固化24/机器结果/SCI背景模式_RPG静态回归_固化24_继承复核.json,3917,d4c50fa359147cfcdc9a9098dfdfb1a1bb4b232aa2c5e1371573ab09825319ca,机器可读结论与断言
数据,04_场景实体界面与存档,固化25,机器结果,数据/04_场景实体界面与存档/固化25/机器结果/Map后半三未知块直接访问审计_固化25.json,105232,21637b0c092b7f6e00e3ac62496809d26135bcb409ba4ec7b9c72edc0f6f7f70,机器可读结论与断言
数据,04_场景实体界面与存档,基础阶段,机器结果,数据/04_场景实体界面与存档/基础阶段/机器结果/CanonicalGameState结构_v0.7C.json,2534,dfe488d0e6631b4914d5547580673eb2dc894a9ef3bcf7f3fe8b0243c13dfa2f,机器可读结论与断言
数据,04_场景实体界面与存档,基础阶段,机器结果,数据/04_场景实体界面与存档/基础阶段/机器结果/SCI地图字段规格_v0.7B.json,7295,72f3d4edeb1a517ef49aa27a9756da85acd156f2fca6008c8ccea1f6f24e7f70,机器可读结论与断言
数据,04_场景实体界面与存档,基础阶段,机器结果,数据/04_场景实体界面与存档/基础阶段/机器结果/SCI实体字段规格_v0.7B.json,8007,3190208d2732945289c113f7c4b686ee155e82c6f619340966f552c94b093b7e,机器可读结论与断言
数据,04_场景实体界面与存档,基础阶段,机器结果,数据/04_场景实体界面与存档/基础阶段/机器结果/SCI未知70字节样本_v0.7B.json,1108,b843559f0199b23a115a7ad97d818f18009f9ab87e340f5d3c0f09d05cebf11d,机器可读结论与断言
数据,04_场景实体界面与存档,基础阶段,机器结果,数据/04_场景实体界面与存档/基础阶段/机器结果/SCI样本批量解析_v0.7B.json,81839,6cb10180b812371791e8c440d5f9bd2f5491c9d65672cf130e329e735effc752,机器可读结论与断言
数据,04_场景实体界面与存档,基础阶段,机器结果,数据/04_场景实体界面与存档/基础阶段/机器结果/TSF单档解析示例_Save050_v0.7C.json,13632,86c7e0c9312685b0d2a1fe28b2a4d17787ad5bcddef16322a07de82bcb577dba,机器可读结论与断言
数据,04_场景实体界面与存档,基础阶段,机器结果,数据/04_场景实体界面与存档/基础阶段/机器结果/TSF字段映射_v0.7C.json,5546,6143c40609b990fc7b492f4b809b514f5a33f84808c63e259efcdb18fcdb6271,机器可读结论与断言
数据,04_场景实体界面与存档,基础阶段,机器结果,数据/04_场景实体界面与存档/基础阶段/机器结果/TSF流程存档159档批量分析_v0.7C.json,516655,0d3738327b3fa268462b714bececf87ec0dd5fb0ada281705ad4a995eb0eaac6,机器可读结论与断言
数据,04_场景实体界面与存档,基础阶段,机器结果,数据/04_场景实体界面与存档/基础阶段/机器结果/TSF流程档游戏变量相邻差分_v0.7C.json,129640,642e25b82ada22a6808ac251cb03bc4749cb445b5c2a3cd7027feb576e6fef12,机器可读结论与断言
数据,05_资源容器与配置,固化23修正版2,机器结果,数据/05_资源容器与配置/固化23修正版2/机器结果/系统资源容器内嵌场景配置索引_固化23修正版2.json,2582,9a83afff9e15abc168fff4db18c18a02748c94b3f7be7678defac9cc258c43cd,机器可读结论与断言
数据,05_资源容器与配置,固化23修正版2,机器结果,数据/05_资源容器与配置/固化23修正版2/机器结果/系统资源容器实体样本统计_固化23修正版2.json,50326,7c9c061faf480551b018ca4dc58af55a656d4e41f5e664b4090b932058096171,机器可读结论与断言
数据,05_资源容器与配置,固化23修正版2,机器结果,数据/05_资源容器与配置/固化23修正版2/机器结果/音乐列表场景配置静态闭合_固化23修正版2.json,25961,253f0a8ed7a803133d72ef3816b1c8c56293f353dbbed6fe383cb898dd1bb063,机器可读结论与断言
数据,05_资源容器与配置,固化23修正版2,机器结果,数据/05_资源容器与配置/固化23修正版2/机器结果/音乐列表首字节直接消费者审计_固化23修正版2.json,2639,490fc7b0f4851546a1ec85e5404a60ccb1f254385f2814223d76a792c8a9042a,机器可读结论与断言
数据,05_资源容器与配置,固化24,机器结果,数据/05_资源容器与配置/固化24/机器结果/资源容器九样本全量结构验证_固化24.json,199475,a7cb7a3c7f415ba328ca2024d7d573c6a413127e327cde6fbca3dd67210cc8b3,机器可读结论与断言
数据,05_资源容器与配置,固化24,机器结果,数据/05_资源容器与配置/固化24/机器结果/资源容器九样本提取回归_固化24.json,1539,4436c7ad20735d71401dcc1d7e844fca01c62871f9cfcc4d86dbda00386a28b9,机器可读结论与断言
数据,05_资源容器与配置,固化24,机器结果,数据/05_资源容器与配置/固化24/机器结果/资源容器加载协议_RPG静态回归_固化24.json,8894,7bae18235684f3481fcfba7cd44b28d9db6bcb832f4265bf583f2c4d1994d9a0,机器可读结论与断言
数据,05_资源容器与配置,固化26,机器结果,数据/05_资源容器与配置/固化26/机器结果/DAT容器全目录项与Map长度候选审计_固化26.json,1179,38bbfac0f82e8973d02d9bea145379354cbcb6b82a07f3667318301b4b0b5d44,机器可读结论与断言
数据,05_资源容器与配置,固化26,机器结果,数据/05_资源容器与配置/固化26/机器结果/资源容器九样本全量结构验证_固化26.json,200150,7a78acf19c2cfcbf371cb3f44ebf201efb767ee3363d92a5d6830ac12f6c271d,机器可读结论与断言
数据,05_资源容器与配置,固化26,机器结果,数据/05_资源容器与配置/固化26/机器结果/资源容器加载协议_RPG静态回归_固化26.json,8931,d4f77c90f9f5effa21561b7896d03b0f8c62339b98cc4f3fcd52344fcfcbb6df,机器可读结论与断言
数据,05_资源容器与配置,基础阶段,机器结果,数据/05_资源容器与配置/基础阶段/机器结果/当前样本验证结果.json,94866,5fca6c0716328ffc238401d7d85fe3aef93e63fee82921f8917914962e7e48cd,机器可读结论与断言
数据,06_图像动画与音频,固化22,机器结果,数据/06_图像动画与音频/固化22/机器结果/游戏SF2证据结构回归_固化22.json,7867,0fed17fd0dcdad13506d97b76d5e691e47216c12b90d458a74a4c3da5044bae9,机器可读结论与断言
数据,06_图像动画与音频,固化23,机器结果,数据/06_图像动画与音频/固化23/机器结果/游戏SF2证据结构回归_固化23_继承复核.json,8459,de4eb951c61777f67e30b9da72240226a763a5c73f039cd224045a89bd29321c,机器可读结论与断言
数据,06_图像动画与音频,固化24,机器结果,数据/06_图像动画与音频/固化24/机器结果/ITF000_SAF异格式样本边界_固化24.json,1605,fd9b810ee56bebdd09603b60b1cd18cc82421bd2efeadde8cf130a994b8f7421,机器可读结论与断言
数据,06_图像动画与音频,固化24,机器结果,数据/06_图像动画与音频/固化24/机器结果/SF2顶层与容器内全语料去重回归_固化24.json,193773,1b217247fa8d47a4e766d64411dce61dc934fe9b25a960c23ba3e996ab4c3a58,机器可读结论与断言
数据,06_图像动画与音频,固化27,机器结果,数据/06_图像动画与音频/固化27/机器结果/SAF压缩包装与标准SF2拒绝边界_固化27.json,2385,f9dd5998cabc3e442bce55ba6ea3ea174f41501798564de4aa6733e8d0c2af3c,机器可读结论与断言
数据,06_图像动画与音频,固化28,机器结果,数据/06_图像动画与音频/固化28/机器结果/ITF调用图与SAF不可达边界_固化28.json,7968,08c712f1bf21a5dee5f743bd7c819a0872897fc87877c23d6c9238bd68a45543,机器可读结论与断言
数据,06_图像动画与音频,固化29,机器结果,数据/06_图像动画与音频/固化29/机器结果/ITF编号资源对象链与双表路由_固化29.json,10014,bd1d2e8f1c9495f936f6a57217f51f7511f73d21aa4ee21a74f8e94c532c8722,机器可读结论与断言
数据,06_图像动画与音频,固化30,机器结果,数据/06_图像动画与音频/固化30/机器结果/ITF双表下游严格SF2构造链_固化30.json,11580,998a10935a1c6a621b59d2b4ee3101bf734adb8a56517f9ff4e11c7de7d91919,机器可读结论与断言
数据,06_图像动画与音频,固化31,机器结果,数据/06_图像动画与音频/固化31/机器结果/SF2属性槽磁盘取值域与效果消费链_固化31.json,44508,7838a9f21c56146ad5cf211d1202d2bf0485ea3a1f3fea4346dff919258838d1,机器可读结论与断言
数据,06_图像动画与音频,固化32,机器结果,数据/06_图像动画与音频/固化32/机器结果/SF2属性槽目标与自身锚点路由_固化32.json,3482,2e487cec3ab737302266b5a0f33857b1b4305d855610e5cddfa6a080164cde59,机器可读结论与断言
数据,06_图像动画与音频,固化33,机器结果,数据/06_图像动画与音频/固化33/机器结果/SF2剩余属性槽直接调用边界_固化33.json,4425,725ceef5a4bbe59774168c726729c906161654dfead14958da4da2fff026c9ed,机器可读结论与断言
数据,06_图像动画与音频,固化34,机器结果,数据/06_图像动画与音频/固化34/机器结果/SF2渲染模式分派_固化34.json,4872,dd97c0e70005b9256741097b2c827579bfca85b0558bf4b06282ac7c6cd1851b,机器可读结论与断言
数据,06_图像动画与音频,固化34,机器结果,数据/06_图像动画与音频/固化34/机器结果/SF2渲染模式参数全语料_固化34.json,3599,f4717a30a5ce4b091de18c3af380bd102a64e9b9959c4f908e28287c24f2be78,机器可读结论与断言
数据,06_图像动画与音频,固化34,表格明细,数据/06_图像动画与音频/固化34/表格明细/SF2渲染模式分派_固化34.csv,1378,41ad08dc11c85f6f3832babc9b3b1481dea4786717576d4ab15f7b716e144ffa,逐项筛选和人工核对
数据,06_图像动画与音频,固化35,机器结果,数据/06_图像动画与音频/固化35/机器结果/ITF动画格式身份统计_固化35.json,583,fd73fa96fa5e0d0e9fdafea6fc41197ee75ca6e5f3f83991c7ff404b07f60fc4,机器可读结论与断言
数据,06_图像动画与音频,固化35,机器结果,数据/06_图像动画与音频/固化35/机器结果/原始程序异格式动画静态边界验证.json,7024,63f03fd557fe7aebf75fb909f3969aa2b1a0f55a39971d980848ef660212a673,机器可读结论与断言
数据,06_图像动画与音频,固化35,机器结果,数据/06_图像动画与音频/固化35/机器结果/异格式动画结构解析与图集几何.json,39171,0ac755f0fa1dc1a7ae504ba3e21f7974564d4e6cedc342929bb50d2c21a4614e,机器可读结论与断言
数据,06_图像动画与音频,固化36,机器结果,数据/06_图像动画与音频/固化36/机器结果/SAF与标准ITF几何及像素关系_固化36.json,794,bf5895b0c9b391109091398a06957a2742622b9fc74f33935e5a68f63c0a0c07,机器可读结论与断言
数据,06_图像动画与音频,固化36,机器结果,数据/06_图像动画与音频/固化36/机器结果/SAF运行时直接调用面静态回归_固化36.json,8395,b46a36a8c22d9a26480682c3b9421b2cbb0c06b9cf17a32d27b22816b4ada86c,机器可读结论与断言
数据,06_图像动画与音频,固化36,机器结果,数据/06_图像动画与音频/固化36/机器结果/SAF运行时请求面与资源语料综合回归_固化36.json,10609,4e0db7788025573dd35b6f477a6d207af315f6345c5ed31ce4bb877e39e210f6,机器可读结论与断言
数据,06_图像动画与音频,固化36,机器结果,数据/06_图像动画与音频/固化36/机器结果/全资源正文ITF000引用穷举_固化36.json,472,0cb6b884b9101005aef9984453b0baab0da057c9b0d58909f4135088c6de0530,机器可读结论与断言
数据,06_图像动画与音频,固化37,机器结果,数据/06_图像动画与音频/固化37/机器结果/SF2嵌入PCM全语料统计_固化37.json,885655,822f560ad7e87d44a3ad558a5d36b02901c0f8f91048251de3c829a81a0c5a96,机器可读结论与断言
数据,06_图像动画与音频,固化37,机器结果,数据/06_图像动画与音频/固化37/机器结果/SF2嵌入PCM语义摘要_固化37.json,5667,e7fcb9d79d143ee7be233148eb3e690b4d2cf5c7d8adfe5f1c72cc22dd19368b,机器可读结论与断言
数据,06_图像动画与音频,固化39,机器结果,数据/06_图像动画与音频/固化39/机器结果/SF2图层32位元数据综合回归_固化39.json,65744,2bc1d8ac0440d896174994d19e3e61ed0dd3bc09c3df485ea0d78d021da16b4f,机器可读结论与断言
数据,06_图像动画与音频,固化39,机器结果,数据/06_图像动画与音频/固化39/机器结果/固化39节点状态与结论摘要.json,938,b2718af1352781d99514ab6ccbebe3fff251b13976ad161dfe16ca076747c2d8,机器可读结论与断言
数据,06_图像动画与音频,固化39,表格明细,数据/06_图像动画与音频/固化39/表格明细/SF2图层32位元数据值域_固化39.csv,210,c1d9e58ff14248102c8182f827305b6b2374d0902f33c8d889ab1409dcaf9c57,逐项筛选和人工核对
数据,06_图像动画与音频,基础阶段,机器结果,数据/06_图像动画与音频/基础阶段/机器结果/SCI到SF2动作绑定验证_v0.7B.json,11267,3115d86b481cc44801bf4cf0a426d5660d0dfbd0957327f750abbec71d3815d5,机器可读结论与断言
数据,06_图像动画与音频,基础阶段,机器结果,数据/06_图像动画与音频/基础阶段/机器结果/SF2动作上层字段_v0.6.json,1712,25d05ba00480bcc194b9b313e2fb3bcfb31ac886f88b1c3979f9c9779be96dec,机器可读结论与断言
数据,06_图像动画与音频,基础阶段,机器结果,数据/06_图像动画与音频/基础阶段/机器结果/SF2压缩样本解析结果.json,3912,b5c810c503b2d5b4daaf9ea5316f28201a64a23eea81963f5e1f2b3f67aaf4c9,机器可读结论与断言
数据,06_图像动画与音频,基础阶段,机器结果,数据/06_图像动画与音频/基础阶段/机器结果/SF2属性槽调用点_v0.7B.json,2541,af76e175c50b94a19846947f7b59bc6626895eebfd3ac2dac36bf83c939ce4ba,机器可读结论与断言
数据,06_图像动画与音频,基础阶段,机器结果,数据/06_图像动画与音频/基础阶段/机器结果/SF2当前资源根复测结果_v0.7A.json,3153,24ffe7899ef652d219df10ebe78d5fa789cd0f52e13ff980949de58b07b47fb7,机器可读结论与断言
数据,06_图像动画与音频,基础阶段,机器结果,数据/06_图像动画与音频/基础阶段/机器结果/SF2批量验证结果.json,68492,610d5b8a0b10226619cc73b1be98315edfc7c54bb171bc515f9c66ce893ea602,机器可读结论与断言
数据,06_图像动画与音频,基础阶段,机器结果,数据/06_图像动画与音频/基础阶段/机器结果/SF2渲染模式分派_v0.7B.json,4861,f80ba109372def31995e6ff1f568878820e72a2563af251a350480e92392e400,机器可读结论与断言
数据,06_图像动画与音频,基础阶段,机器结果,数据/06_图像动画与音频/基础阶段/机器结果/SF2渲染模式语义词典.json,8470,c8cf19473e2f1dc95d6124cb1afe30744be4b87816b83d338e5e80ea72bcd0dc,机器可读结论与断言
数据,06_图像动画与音频,基础阶段,表格明细,数据/06_图像动画与音频/基础阶段/表格明细/SF2属性槽调用点_v0.7B.csv,932,687ccecc1cd4e6be97954e4f0518aff11625bfe108f589268ea92f895b523755,逐项筛选和人工核对
数据,06_图像动画与音频,基础阶段,表格明细,数据/06_图像动画与音频/基础阶段/表格明细/SF2渲染模式分派_v0.7B.csv,1377,002a2d8e205887cabc99d03c2ffa75f5ac40a31e9b81c15d39d3a61401e85598,逐项筛选和人工核对
数据,06_图像动画与音频,基础阶段,表格明细,数据/06_图像动画与音频/基础阶段/表格明细/SF2渲染模式语义词典.csv,3918,21ab4c7f0a5a729c19cf0a09144d9e819fd42b7723d6f47e3ca1e28b07dd4d1e,逐项筛选和人工核对
数据,07_战斗核心对象与随机数,固化21,机器结果,数据/07_战斗核心对象与随机数/固化21/机器结果/FIRTTECH特殊召唤名称交叉证据_固化21.json,649,8fdc7aca33cbef0d00f7c3a86e09441515bb02e3a58cbed617c7651a616a6294,机器可读结论与断言
数据,07_战斗核心对象与随机数,固化21,机器结果,数据/07_战斗核心对象与随机数/固化21/机器结果/事件与战斗指令_RPG静态回归_固化21.json,17707,d206fee3057a4604ec0494a027cdcb8dd5ac139325da25d25d4dcbb94897ed7f,机器可读结论与断言
数据,07_战斗核心对象与随机数,固化21,机器结果,数据/07_战斗核心对象与随机数/固化21/机器结果/场景调查器_RPG地图与天書门控静态回归_固化21.json,19772,a428759cbde04dd24416ab64546a09ce0e8ecf2ad944097f643fedd7c835d773,机器可读结论与断言
数据,07_战斗核心对象与随机数,固化21,机器结果,数据/07_战斗核心对象与随机数/固化21/机器结果/战斗D7伏龙A特殊结束数据回归_固化21_继承复核.json,5416,91c32f76a60e3432ea0c40a81be09cdb7e78f9f254e5410ed2a54070c41fa3e3,机器可读结论与断言
数据,07_战斗核心对象与随机数,固化21,机器结果,数据/07_战斗核心对象与随机数/固化21/机器结果/战斗D7胜负奖励数据回归_固化21_继承复核.json,173027,2739b561c7a45253fe3022f55a54496554a660d4a1e05e22341d7edcc92f043f,机器可读结论与断言
数据,07_战斗核心对象与随机数,固化21,机器结果,数据/07_战斗核心对象与随机数/固化21/机器结果/战斗D8剩余随机调用分类_固化21.json,23223,6aa3ce542a58a7da8202126290843120df3d6505b5e059aa1e617066a985d804,机器可读结论与断言
数据,07_战斗核心对象与随机数,固化21,机器结果,数据/07_战斗核心对象与随机数/固化21/机器结果/战斗调查器_RPG静态证据回归_固化21.json,110652,d102c155522007bf87a82bc0914701508534b6602a4e09c5fb2616409c4f443e,机器可读结论与断言
数据,07_战斗核心对象与随机数,固化21,机器结果,数据/07_战斗核心对象与随机数/固化21/机器结果/战斗调查器_当前证据快照回归_固化21.json,6089,e7b39d311a33c3b9f9ee6ec78cd3a052d85e7da4fc4c76e36d45dfb9bf6e944f,机器可读结论与断言
数据,07_战斗核心对象与随机数,固化21,机器结果,数据/07_战斗核心对象与随机数/固化21/机器结果/界面正常与天書禁用资源比较_固化21.json,28183,4625ecd74f83902b80c61dc0a807b785f63f1986c4aaaf7d962ef5a1b5ca76c1,机器可读结论与断言
数据,07_战斗核心对象与随机数,固化21,表格明细,数据/07_战斗核心对象与随机数/固化21/表格明细/D8剩余RNG直接调用分类_固化21.csv,1910,283a9fcd194f813b2361feb3fa9fa7cc85cbdb1a31edf446b447090950086582,逐项筛选和人工核对
数据,07_战斗核心对象与随机数,固化21,表格明细,数据/07_战斗核心对象与随机数/固化21/表格明细/已知Oracle地址索引_v0.7D阶段中固化21.csv,546,ca64d620b9e294d825d611f4e2d7d4e7139312dad8736dcf5f5eebb84d803466,逐项筛选和人工核对
数据,07_战斗核心对象与随机数,固化22,机器结果,数据/07_战斗核心对象与随机数/固化22/机器结果/战斗D8随机顺序与非Battle调用静态语义_固化22.json,26091,7f1218fa5a14515b1662fe013c45ba1763f943d1641e48c3340807f25816d576,机器可读结论与断言
数据,07_战斗核心对象与随机数,固化22,机器结果,数据/07_战斗核心对象与随机数/固化22/机器结果/战斗调查器_RPG静态证据回归_固化22.json,118517,cb9d12b744533d9e033da776a4fb7550b26dece5f8d4dac2ed15b83f9d0f4651,机器可读结论与断言
数据,07_战斗核心对象与随机数,固化22,机器结果,数据/07_战斗核心对象与随机数/固化22/机器结果/战斗调查器_当前证据快照回归_固化22.json,6028,3ca8f0cad9b1b066b1795932577cd1ed978490e06a2fc0ee3a4ae16afdcfafac,机器可读结论与断言
数据,07_战斗核心对象与随机数,固化42,表格明细,数据/07_战斗核心对象与随机数/固化42/表格明细/Ail2真实大效果ID记录与独立路径_固化42.csv,4457,af01f50e0c96c1627c39dd8d2111607b98f8ec64f8deb0eacda3e65dc1cabb90,逐项筛选和人工核对
数据,07_战斗核心对象与随机数,固化62,机器结果,数据/07_战斗核心对象与随机数/固化62/机器结果/战场脱逃成功阈值调查_固化62.json,80543,c6cf06bb38a602e186b35c4d252cc38e6efc401abaf7a99d572cb1ea877a8458,机器可读结论与断言
数据,07_战斗核心对象与随机数,固化62,表格明细,数据/07_战斗核心对象与随机数/固化62/表格明细/LayoutGR脱逃成功阈值全表_固化62.csv,28722,98444a5164874f63df81d989f990600b4f829e75f9261dd465cb5fab109845c1,逐项筛选和人工核对
数据,07_战斗核心对象与随机数,基础阶段,机器结果,数据/07_战斗核心对象与随机数/基础阶段/机器结果/直接调用引用_0x45155B_RNG播种.json,319,735e7ae94f716c42e36f421fafae0a85d3a050ba9f6fdbb7638eac5fbfa90b48,机器可读结论与断言
数据,07_战斗核心对象与随机数,基础阶段,机器结果,数据/07_战斗核心对象与随机数/基础阶段/机器结果/直接调用引用_0x451565_RNG取值.json,1292,f4cb2fad502e6cd666f135bb43a821b95672331976ad4af3217e178973db359a,机器可读结论与断言
数据,08_战斗公式资源与物品,固化51,机器结果,数据/08_战斗公式资源与物品/固化51/机器结果/固化51至固化37核心连续回归审计.json,1662,5ed6f1ee6de49f72ef7dc72df0d3b9593e28e20e31650954cc01d51750c0c1fd,机器可读结论与断言
数据,08_战斗公式资源与物品,固化51,机器结果,数据/08_战斗公式资源与物品/固化51/机器结果/战斗公式选择器与除零输入边界_固化51.json,35260,1d870bad13b1489b2b5bbed7ae29b100fa2d13307229960bcbf5a725b01bbf6a,机器可读结论与断言
数据,08_战斗公式资源与物品,固化51,表格明细,数据/08_战斗公式资源与物品/固化51/表格明细/战斗公式选择器二至六真实记录_固化51.csv,4326,ca9b66bde07070468c2f4744d8e83b0d3f769ad07bf5ae841934f5c6c5d7a18f,逐项筛选和人工核对
数据,08_战斗公式资源与物品,固化52,机器结果,数据/08_战斗公式资源与物品/固化52/机器结果/固化52至固化37核心连续回归审计.json,1918,28ebba392d7cd2777e11bb384fb49b6a23eb4e2b81cccd43dafcd15ec6c53089,机器可读结论与断言
数据,08_战斗公式资源与物品,固化52,机器结果,数据/08_战斗公式资源与物品/固化52/机器结果/战斗绝剑凶号主资源特例_固化52.json,9635,2ee1f2e4dc001d490a165522b72c9caab8e7a2fbf2ffa68fee9d39077fd4b5ac,机器可读结论与断言
数据,08_战斗公式资源与物品,固化52,表格明细,数据/08_战斗公式资源与物品/固化52/表格明细/绝剑凶号百分比代价_API基线_固化52.csv,6238,70348f965c4ac0f38943e87c6ade0c2259d1e5a151b73544914e5a696e330f81,逐项筛选和人工核对
数据,08_战斗公式资源与物品,固化53,机器结果,数据/08_战斗公式资源与物品/固化53/机器结果/Battle五项核心能力作者名称与公式派生量_固化53.json,20099,8fda7f0bdfcbfb92639b02bcce495e8184d36c384afe07ce39d0dd5f7e15a00f,机器可读结论与断言
数据,08_战斗公式资源与物品,固化53,机器结果,数据/08_战斗公式资源与物品/固化53/机器结果/固化53至固化37核心连续回归审计.json,2188,debbb96ebd7b06e99a885fcef62d6f9a5afe7239107b0b3ab6ba423cc042d750,机器可读结论与断言
数据,08_战斗公式资源与物品,固化53,表格明细,数据/08_战斗公式资源与物品/固化53/表格明细/Battle五项核心能力作者名称与公式派生量_固化53.csv,1999,de73dd2e3cda44cbd0552126c135b2b4a9358da9fa51a0ceb3cf0a714457106d,逐项筛选和人工核对
数据,08_战斗公式资源与物品,固化54,机器结果,数据/08_战斗公式资源与物品/固化54/机器结果/Battle物品威力与防禦侧修正字段调查.json,25776,890de037efa6b1f57dab9030eb265fb2b765cc9ce7e64a05b2a7d25e2d5952f1,机器可读结论与断言
数据,08_战斗公式资源与物品,固化54,机器结果,数据/08_战斗公式资源与物品/固化54/机器结果/固化54至固化37核心连续回归审计.json,1613,5b6c86019eeae8dfb40bbfe614fb671713f08a0edb3fd70ad24a288f97a1d31e,机器可读结论与断言
数据,08_战斗公式资源与物品,固化54,表格明细,数据/08_战斗公式资源与物品/固化54/表格明细/Battle物品威力与防禦侧修正全语料.csv,51840,347fde9207a8ae4536a52ecbeedf7caf649c4b094be26505747e900344457a74,逐项筛选和人工核对
数据,08_战斗公式资源与物品,基础阶段,机器结果,数据/08_战斗公式资源与物品/基础阶段/机器结果/直接调用引用_0x42C680.json,301,fbb7795bd6d266821e082f708f21a006f1f6f5b7e1b788bf8736225a433127f7,机器可读结论与断言
数据,08_战斗公式资源与物品,基础阶段,机器结果,数据/08_战斗公式资源与物品/基础阶段/机器结果/直接调用引用_ArticleAil2状态解除_0x421690.json,301,92153865bae48f158f29142edef8774c88fe5f4c58bf0979585842c21437c3c4,机器可读结论与断言
数据,08_战斗公式资源与物品,基础阶段,机器结果,数据/08_战斗公式资源与物品/基础阶段/机器结果/直接调用引用_永久能力物品范围菜单_0x437960.json,355,06998a2228abfec83fa00bf1e716bbb2f32e31940bdd2c506db63837d2a9e22e,机器可读结论与断言
数据,09_战斗状态效果与场域,固化40,机器结果,数据/09_战斗状态效果与场域/固化40/机器结果/Battle状态39槽计时量子_RPG与DDDES静态回归_固化40.json,5526,a403738bfe70300224962d1f4bdaa200acf4b5274a53b015d7d818c120e9aa17,机器可读结论与断言
数据,09_战斗状态效果与场域,固化40,机器结果,数据/09_战斗状态效果与场域/固化40/机器结果/固化40节点状态与结论摘要.json,1404,94bd02c909ba12678971ca2c647090bc809bb3b0e4e055db37742bc204425192,机器可读结论与断言
数据,09_战斗状态效果与场域,固化44,机器结果,数据/09_战斗状态效果与场域/固化44/机器结果/Battle三十九槽序列化零块_RPG静态回归_固化44.json,55720,83a59178fdc8852ec290d2db1a050bec4c56bea6f73f7c9b9bd821ef69dc38c9,机器可读结论与断言
数据,09_战斗状态效果与场域,固化44,表格明细,数据/09_战斗状态效果与场域/固化44/表格明细/API角色三十九槽零块分布_固化44.csv,2539,ebd5e794431b29c5bb821f2249a28e708d333d06de89c03f4fa781b20f741d26,逐项筛选和人工核对
数据,09_战斗状态效果与场域,固化45,机器结果,数据/09_战斗状态效果与场域/固化45/机器结果/战斗前二十八效果槽生命周期静态调查_固化45.json,10140,72bf6c227243a4aabf476b7c773538422355427d434749b6c060f270a91dbee4,机器可读结论与断言
数据,09_战斗状态效果与场域,固化45,表格明细,数据/09_战斗状态效果与场域/固化45/表格明细/战斗前二十八效果槽生命周期直接调用表_固化45.csv,843,be7911e4812ef205a0df40a3eba0203a518373dee672cecdf01935f9818d973f,逐项筛选和人工核对
数据,09_战斗状态效果与场域,固化46,机器结果,数据/09_战斗状态效果与场域/固化46/机器结果/Battle十四路状态表现与ITF0052路由调查.json,34328,162182a12a70dcf3627c7755625d714ce2f13e24e27ccf4dbef825c934ecbe60,机器可读结论与断言
数据,09_战斗状态效果与场域,固化46,机器结果,数据/09_战斗状态效果与场域/固化46/机器结果/ItfDir容器提取复核.json,28134,be67695a96ffbf1dab6363af16426c19beeee15775b37296e780857a3707e387,机器可读结论与断言
数据,09_战斗状态效果与场域,固化46,表格明细,数据/09_战斗状态效果与场域/固化46/表格明细/Battle十四路状态表现槽字段与selector映射.csv,1650,e4b1cd0cd0dbbf330046295b8cbe33bf4053a2f85deaa0a76a59af1dc07c2ef0,逐项筛选和人工核对
数据,09_战斗状态效果与场域,固化47,机器结果,数据/09_战斗状态效果与场域/固化47/机器结果/Battle七组互反抵消效果对调查.json,24645,5cbbd9c4cfa8645ebe2fc04ae582f7c6fba58a5682a91749ad465035c84778a4,机器可读结论与断言
数据,09_战斗状态效果与场域,固化47,机器结果,数据/09_战斗状态效果与场域/固化47/机器结果/固化46状态表现调查器语义纠正版回归.json,34881,b419e753f5dfacab263ed5303c7d5650ceeee1a9059f5308dac6962a674d7891,机器可读结论与断言
数据,09_战斗状态效果与场域,固化47,机器结果,数据/09_战斗状态效果与场域/固化47/机器结果/固化47至固化37核心连续回归审计.json,2195,04c974c638980325eb5c78dd3103e2ad6493b3eef12f255ea8dd55a16fba9ccc,机器可读结论与断言
数据,09_战斗状态效果与场域,固化47,表格明细,数据/09_战斗状态效果与场域/固化47/表格明细/Battle七组互反抵消效果对与表现路由.csv,783,bf1a5dede4fd199278c5bc2c864e49212c1bfc7039ffbe7b7f10bbbda041b39e,逐项筛选和人工核对
数据,09_战斗状态效果与场域,固化47,表格明细,数据/09_战斗状态效果与场域/固化47/表格明细/对向槽二十八项原始表.csv,297,09667a67b1edb948ecbc2aa865d8308a654c6be045027fc8b3aa9bfa13eea0b5,逐项筛选和人工核对
数据,09_战斗状态效果与场域,固化48,机器结果,数据/09_战斗状态效果与场域/固化48/机器结果/Battle七个单分支状态表现槽调查.json,22876,337b35b800354efa8ad4d5794a34a3259b09b07421c348ce0bd3147a1479e52b,机器可读结论与断言
数据,09_战斗状态效果与场域,固化48,机器结果,数据/09_战斗状态效果与场域/固化48/机器结果/固化48至固化37核心连续回归审计.json,2598,40092296f0b77f3c4e973828c633bb69c83a2666b5c399e778929b298fea0490,机器可读结论与断言
数据,09_战斗状态效果与场域,固化48,表格明细,数据/09_战斗状态效果与场域/固化48/表格明细/Battle七个单分支状态表现槽语义映射.csv,1948,15b782a5cbf27a450d5f68b49a69c0aac4f75c7d9e9e2bf606c710956f19ea40,逐项筛选和人工核对
数据,09_战斗状态效果与场域,固化49,机器结果,数据/09_战斗状态效果与场域/固化49/机器结果/固化49至固化37核心连续回归审计.json,2631,9a9ba49d027936fe8faa2fe4ee997260492141599be830b04d18628dc2f0ba45,机器可读结论与断言
数据,09_战斗状态效果与场域,固化49,机器结果,数据/09_战斗状态效果与场域/固化49/机器结果/战斗单向对向槽与第二字段调查.json,14287,56505d051a08a3210ee2b8b436649b82d9d85efd2079d14288fce33d71576025,机器可读结论与断言
数据,09_战斗状态效果与场域,固化49,表格明细,数据/09_战斗状态效果与场域/固化49/表格明细/战斗原始效果八与九资源正样本.csv,2051,b4dae4820471d14036d2390fd632d83c0a5f4e3a5cf55689edc4960a1be9c746,逐项筛选和人工核对
数据,09_战斗状态效果与场域,固化50,机器结果,数据/09_战斗状态效果与场域/固化50/机器结果/Battle状态资源选择器十五静态生产面调查.json,9639,189a669284df84171548d4a164f5ffa1802d5def0e6f836f2be0235f1a5c3c38,机器可读结论与断言
数据,09_战斗状态效果与场域,固化50,机器结果,数据/09_战斗状态效果与场域/固化50/机器结果/固化50至固化37核心连续回归审计.json,1549,c75eb0ca599e7e371e400591c41464d84a9f76d98614ac1534cf60039176738d,机器可读结论与断言
数据,09_战斗状态效果与场域,固化50,表格明细,数据/09_战斗状态效果与场域/固化50/表格明细/Battle状态资源选择器生产面分类_固化50.csv,748,3c1b2cb6a852145c12f92735d0173a1020208d7d1f17d8806aaaf347b1f1cb05,逐项筛选和人工核对
数据,09_战斗状态效果与场域,固化58,机器结果,数据/09_战斗状态效果与场域/固化58/机器结果/战斗九项持续场域表现槽静态核对_固化58.json,19226,ba0fdadbd41dbfef6b873a457f22f506ee253cb9a26bb30098dfcbaa09d57460,机器可读结论与断言
数据,09_战斗状态效果与场域,固化58,表格明细,数据/09_战斗状态效果与场域/固化58/表格明细/战斗九项持续场域表现白名单_固化58.csv,1475,f782dc2de2bc9a371f2cb6b16207d2b0ed0a51e4be14e34f3fb9b53723209162,逐项筛选和人工核对
数据,09_战斗状态效果与场域,固化59,机器结果,数据/09_战斗状态效果与场域/固化59/机器结果/固化59研究过程纠错记录_43DA50调用数14改12.json,856,a5ee83187a5db2b917a1d938ef0a041639ac48a907812014e1699ae31aa731dc,机器可读结论与断言
数据,09_战斗状态效果与场域,固化59,机器结果,数据/09_战斗状态效果与场域/固化59/机器结果/战斗九项场域高层效果消费静态核对_固化59.json,32212,e5035fbda4ad5cbbc0c4cafab1df229dd15a581134dda82093fce61b0e79d0be,机器可读结论与断言
数据,09_战斗状态效果与场域,固化59,表格明细,数据/09_战斗状态效果与场域/固化59/表格明细/战斗九项场域高层效果消费表_固化59.csv,3620,07b34d7f64acd471fcd6d95c32e6212695897ef9b7855d4e9d74d05153325e28,逐项筛选和人工核对
数据,09_战斗状态效果与场域,固化60,机器结果,数据/09_战斗状态效果与场域/固化60/机器结果/战斗场域相对阵营路由静态核对_固化60.json,16406,1c2518a68836fd3259e83f0671585d8b3aaadb342bface09388bbf6ad0c495e4,机器可读结论与断言
数据,09_战斗状态效果与场域,固化60,表格明细,数据/09_战斗状态效果与场域/固化60/表格明细/战斗场域相对阵营路由白名单_固化60.csv,1425,a4e35f0c38b2838d16c8e0f61f5908599afc1a630dd20aca232f014ab9d40143,逐项筛选和人工核对
数据,09_战斗状态效果与场域,固化63,机器结果,数据/09_战斗状态效果与场域/固化63/机器结果/战斗九槽完整静态直接引用面核对_固化63.json,26087,a22134e30ce9e390424950b4e11bb85bbe4758ef1f6a0e8d79e070c46ca94dcc,机器可读结论与断言
数据,09_战斗状态效果与场域,固化63,表格明细,数据/09_战斗状态效果与场域/固化63/表格明细/战斗九槽静态consumer边界_固化63.csv,1800,108922b4462fff7a4bafa7e248af0235b2053538fea136c88133505f37a3c4a8,逐项筛选和人工核对
数据,09_战斗状态效果与场域,基础阶段,机器结果,数据/09_战斗状态效果与场域/基础阶段/机器结果/直接调用引用_0x4231F0_主资源零值状态转移.json,319,67fb42d49234c491ecc7f9f5e722ae60edbbfb3dda50db3b7b125dbb6ef55bfc,机器可读结论与断言
数据,09_战斗状态效果与场域,基础阶段,机器结果,数据/09_战斗状态效果与场域/基础阶段/机器结果/直接调用引用_0x42B0D0.json,319,3ea872723334ed56db459b173c0cc6dcc2e618b2e13e9d4538cb1834e2e36582,机器可读结论与断言
数据,09_战斗状态效果与场域,基础阶段,机器结果,数据/09_战斗状态效果与场域/基础阶段/机器结果/直接调用引用_Runtime39槽递减_0x420440.json,301,cc5f57738dd176aac778f8cbe3687cbc85cd43141c7e7fad64c4b8dddfd8455b,机器可读结论与断言
数据,09_战斗状态效果与场域,基础阶段,机器结果,数据/09_战斗状态效果与场域/基础阶段/机器结果/直接调用引用_Runtime前28槽全清_0x4231D0.json,355,acb446b1931a5dc3bfcdc778b5b8291119fa20e1f7f406e41427a48817e1a683,机器可读结论与断言
数据,10_战斗动作结果与表现,固化43,机器结果,数据/10_战斗动作结果与表现/固化43/机器结果/Battle结果分派参数4_RPG静态回归_固化43.json,5827,e86b8102b13fb76ffa5ef7fe204b5c9e15224a550521a1614f5f6f0c7bf33e32,机器可读结论与断言
数据,10_战斗动作结果与表现,固化55,机器结果,数据/10_战斗动作结果与表现/固化55/机器结果/Battle动作类四同参双调用调查.json,14310,bfa0ca5e4f0e0960fbe393dc0334eacdf4a0576d88bc01f7246d56a8de2937dd,机器可读结论与断言
数据,10_战斗动作结果与表现,固化55,机器结果,数据/10_战斗动作结果与表现/固化55/机器结果/RPG原版与研究版差异基线_固化55.json,5171,2d91439302e54b73204ec045f22b54807ef0ad9ce67a1e608886ab7d3a069c01,机器可读结论与断言
数据,10_战斗动作结果与表现,固化55,机器结果,数据/10_战斗动作结果与表现/固化55/机器结果/固化55新工具补注释AST等价审计.json,1087,ce6f48c0a9b3cecc91a0e798775d740adab6044c5b04c9ca3106e1bfa3b10674,机器可读结论与断言
数据,10_战斗动作结果与表现,固化55,表格明细,数据/10_战斗动作结果与表现/固化55/表格明细/Battle动作类四资源全语料.csv,1220,42c78e46916c40cedbbaf77c5d3799e75c96bdf307d338f425510c4c7c4b2e20,逐项筛选和人工核对
数据,10_战斗动作结果与表现,固化56,机器结果,数据/10_战斗动作结果与表现/固化56/机器结果/战斗动作类五六可达路径调查.json,16678,d12019e6e00e00281a8d3b69ceb28a595f6699e18e3c252ee91474841531c2ee,机器可读结论与断言
数据,10_战斗动作结果与表现,固化57,机器结果,数据/10_战斗动作结果与表现/固化57/机器结果/MEN0018提取身份核对_固化57.json,533,f5b83e757ce1478c72d3681f6eaa3f48a73341638de83d629c9276247606e5f0,机器可读结论与断言
数据,10_战斗动作结果与表现,固化57,机器结果,数据/10_战斗动作结果与表现/固化57/机器结果/战斗动作类一二四共享表现静态核对_固化57.json,18297,a87b38c681b1479c9ecbea3672624a0817c9f08ee31907424c01ff5e71d97dcd,机器可读结论与断言
数据,10_战斗动作结果与表现,固化57,表格明细,数据/10_战斗动作结果与表现/固化57/表格明细/战斗动作类一二四资源分布_固化57.csv,543,f95a09a148cc91703ddb20b03b9f0779bfde910b020395bb5c4ea47a1a29d78d,逐项筛选和人工核对
数据,10_战斗动作结果与表现,固化61,机器结果,数据/10_战斗动作结果与表现/固化61/机器结果/BattleFIRTTECH结果模式与双资源恢复协议_固化61.json,77849,db6edde85e8505bbbf615ba77f264b51ef3ec0e0f2fdaa702757081e1ff9c28b,机器可读结论与断言
数据,10_战斗动作结果与表现,固化61,表格明细,数据/10_战斗动作结果与表现/固化61/表格明细/BattleFIRTTECH结果模式逐记录_固化61.csv,45784,f09299d4ab6e34e58d8bb3e413303b80953dd47ad5220e872decebd77449b378,逐项筛选和人工核对
数据,10_战斗动作结果与表现,固化64,机器结果,数据/10_战斗动作结果与表现/固化64/机器结果/Battle动作类五六动作状态与来源依赖调查结果.json,25776,7e75b99b7926996c1a6a011e848f81a2aeb2115e82fca6d74a2867745205aabb,机器可读结论与断言
数据,10_战斗动作结果与表现,固化64,表格明细,数据/10_战斗动作结果与表现/固化64/表格明细/Battle动作类五六资源字段.csv,1148,aba243c78ec74ff95a986998e069629d4ba76cb93a5f3cd1604868c44d6b0612,逐项筛选和人工核对
数据,10_战斗动作结果与表现,固化65,机器结果,数据/10_战斗动作结果与表现/固化65/机器结果/Battle角色状态双基址物理别名调查.json,11047,a852354e28d5a0000f8dffa70b8e25cc262d3fd89040d2a8a9a7a928abe8a73f,机器可读结论与断言
数据,10_战斗动作结果与表现,固化65,表格明细,数据/10_战斗动作结果与表现/固化65/表格明细/Battle角色状态双基址物理别名关系.csv,634,472a6ba87b52b9526e4775ca7d826a095e3c666f271ce78ddfc4ec8539f85844,逐项筛选和人工核对
数据,10_战斗动作结果与表现,固化66,机器结果,数据/10_战斗动作结果与表现/固化66/机器结果/Battle统一角色状态直接访问面与Tick状态机调查.json,24497,7012bdef4bf75228e70eef1eb08f8b49639af367c21604c7ff9c5ea079a78630,机器可读结论与断言
数据,10_战斗动作结果与表现,固化66,机器结果,数据/10_战斗动作结果与表现/固化66/机器结果/固化65至66继承与双轮独立输入重放审计.json,1865,d4c87d9173ccdc32ed99372051bfb765d132398652a66011d349613468ff0650,机器可读结论与断言
数据,10_战斗动作结果与表现,固化66,表格明细,数据/10_战斗动作结果与表现/固化66/表格明细/Battle统一角色状态访问点.csv,4281,d249a2fc2764c19dac2ad02c269bbc92eead9b33f4cec52c8ac40e473e45f6cb,逐项筛选和人工核对
数据,10_战斗动作结果与表现,固化67,机器结果,数据/10_战斗动作结果与表现/固化67/机器结果/Battle统一状态四保留值生产者静态边界调查.json,12845,89b5c368cbbc427294b17ec82a07b716e351e369049fb9d7364ba7ab1e166ff4,机器可读结论与断言
数据,10_战斗动作结果与表现,固化67,表格明细,数据/10_战斗动作结果与表现/固化67/表格明细/Battle统一状态四保留值字面命中分类.csv,867,216b275b4f512e8cec843c56a34db602f88082006fda9c4bc312cca5e12b0680,逐项筛选和人工核对
数据,10_战斗动作结果与表现,固化68,机器结果,数据/10_战斗动作结果与表现/固化68/机器结果/Battle动作请求码0x67与0x68状态同步链调查.json,21771,bd69e745ac7b028bdb3eadd4ae4b79f568acd5608d116e0a7bbbb7df91ce5109,机器可读结论与断言
数据,10_战斗动作结果与表现,固化68,表格明细,数据/10_战斗动作结果与表现/固化68/表格明细/Battle动作请求分派器直接调用明细.csv,1068,18e23b70dcf9debc637ca8ccd418070ac15e5f8a0a766caab2a938a0a33dd31e,逐项筛选和人工核对
数据,10_战斗动作结果与表现,基础阶段,机器结果,数据/10_战斗动作结果与表现/基础阶段/机器结果/直接调用引用_FIRTTECH特殊动作_0x421A00.json,337,d2d5eb2ea6c6f48ec027a52058a2a72c874bb17df6a34ed0e129444fa4283453,机器可读结论与断言
数据,11_运行时输入时钟与显示,固化23,机器结果,数据/11_运行时输入时钟与显示/固化23/机器结果/DDDES分类器70字节同内容异文件名反例测试_固化23.json,897,84755d60345f9bd6b6339eccb642208ff15c86b6bcbea087e87f24b72436e3ca,机器可读结论与断言
数据,11_运行时输入时钟与显示,固化23,机器结果,数据/11_运行时输入时钟与显示/固化23/机器结果/DDDES显示定时配置_RPG静态回归_固化23.json,6080,696879201cb2ce31ae66d4fb4b591c552f783ea04b6a9945f052c734130cc7c9,机器可读结论与断言
数据,11_运行时输入时钟与显示,固化23,机器结果,数据/11_运行时输入时钟与显示/固化23/机器结果/DDDES显示定时配置格式静态闭合_固化23.json,4500,9d0971e3b7091d989f5c190e1c44e62e1762c6f34504c5049f1b92faf477356e,机器可读结论与断言
数据,11_运行时输入时钟与显示,固化23修正版2,机器结果,数据/11_运行时输入时钟与显示/固化23修正版2/机器结果/显示定时配置原始样本复原_固化23修正版2.json,3567,164d3d0f31ade3f98c7c65cfce49a9942280fb836ac6ebdbf8c381125349062b,机器可读结论与断言
数据,11_运行时输入时钟与显示,固化24,机器结果,数据/11_运行时输入时钟与显示/固化24/机器结果/DDDES显示定时配置_RPG静态回归_固化24_继承复核.json,6077,366fe6b20a10bcda655c1fc26ae8b949a307cfb23836bfaf6db86dcf81a0ff93,机器可读结论与断言
数据,11_运行时输入时钟与显示,固化38,机器结果,数据/11_运行时输入时钟与显示/固化38/机器结果/固化38节点状态与结论摘要.json,1299,c1ce368df078cfeba6f81ec7eb8b94d21f4fdc142c9eaa0a10819cea786124a7,机器可读结论与断言
数据,11_运行时输入时钟与显示,固化38,机器结果,数据/11_运行时输入时钟与显示/固化38/机器结果/旧式逻辑时钟静态闭合_固化38.json,12852,82881f5a5279b10b054aab319b70e2f301bb50ce0b1e9ea57c4b020735023904,机器可读结论与断言
数据,11_运行时输入时钟与显示,固化41,机器结果,数据/11_运行时输入时钟与显示/固化41/机器结果/世界遇敌持续状态输入事件计数_RPG静态回归_固化41.json,8115,393ba68b05c7142748eea4c764126ce1262d20a7548101eb71ff997c060f4775,机器可读结论与断言
数据,11_运行时输入时钟与显示,固化41,机器结果,数据/11_运行时输入时钟与显示/固化41/机器结果/前代回归_固化37_SF2嵌入音频RPG机器断言.json,6231,08cd62583172365ef5c9d838fff001d86d28f93a8f76f63d9fab3c71fe21c841,机器可读结论与断言
数据,11_运行时输入时钟与显示,固化41,机器结果,数据/11_运行时输入时钟与显示/固化41/机器结果/前代回归_固化38_旧式逻辑时钟.json,12846,dca2b1d4297b7b11464636bf5cdff3137cb0ac137860f38e2c0e43c2b5baf5d8,机器可读结论与断言
数据,11_运行时输入时钟与显示,固化41,机器结果,数据/11_运行时输入时钟与显示/固化41/机器结果/前代回归_固化39_SF2图层元数据.json,65744,29a7104304ce96b6a6a289f8312d67187e78e467452841a4741740844fc15cb5,机器可读结论与断言
数据,11_运行时输入时钟与显示,固化41,机器结果,数据/11_运行时输入时钟与显示/固化41/机器结果/前代回归_固化40_Battle状态39槽计时量子.json,5524,2fc8d0c4181c1a2f052803b0fb99564b271d87aa9e42ec5b22892040ea53a3b2,机器可读结论与断言
数据,11_运行时输入时钟与显示,固化41,机器结果,数据/11_运行时输入时钟与显示/固化41/机器结果/固化41节点状态与结论摘要.json,1820,58eb01a880262c3802c1024e8c006e1771c49c40e34a0b3271eb7150c5207198,机器可读结论与断言
数据,目录入口,现行,说明文档,数据/数据目录说明.md,6731,6d3fef4396b352fc5fc09f69ace6c995a2a7a98a64997783d459abbd536bc474,人类入口说明
证据,01_版本基线与封包审计,固化1,机器结果,证据/01_版本基线与封包审计/固化1/机器结果/ENC表结构与战斗关联_v0.7D阶段中固化1.json,2164,2496044d5a73bdaad0a299d8449f4197d673a7db8b64b26fddcdb03fb86796d6,机器可读结论与断言
证据,01_版本基线与封包审计,固化1,机器结果,证据/01_版本基线与封包审计/固化1/机器结果/EVE合法Opcode清单_v0.7D阶段中固化1.json,1296,b29cce140eda99a0fb1b8456c88b7b2387b33ca08c4ce3f5bb16cf3c6390afec,机器可读结论与断言
证据,01_版本基线与封包审计,固化1,机器结果,证据/01_版本基线与封包审计/固化1/机器结果/历史数据说明.json,365,f2a0ca13abea5ebd8abcc0a40e5cc7a44d0d9a633f6063cac4f32425a67321bf,机器可读结论与断言
证据,01_版本基线与封包审计,固化1,机器结果,证据/01_版本基线与封包审计/固化1/机器结果/固化包恢复来源状态.json,758,fbbf0ce915ef94b90575803338782da8dbfbee5ea46d50439a78fc68e7a17304,机器可读结论与断言
证据,01_版本基线与封包审计,固化1,机器结果,证据/01_版本基线与封包审计/固化1/机器结果/战斗核心证据快照_v0.7D阶段中固化1.json,2398,700187fe557d7a65f34914d190b05a2a275206bc1f0744d575e99a2b6bf62e14,机器可读结论与断言
证据,01_版本基线与封包审计,固化1,机器结果,证据/01_版本基线与封包审计/固化1/机器结果/战斗调查器_关键ENC表回归.json,1872,77a0776c08d74c1add928b7d311d42df3c002ad089d2a0b8dd84730d067b0fef,机器可读结论与断言
证据,01_版本基线与封包审计,固化1,机器结果,证据/01_版本基线与封包审计/固化1/机器结果/战斗调查器_当前证据快照回归.json,565,50cd70efbfb6e84636ec63c6a5dda62f074ca4336dd4b4bef2f6a09d79b11936,机器可读结论与断言
证据,01_版本基线与封包审计,固化1,机器结果,证据/01_版本基线与封包审计/固化1/机器结果/综合调查器_ENC表几何回归.json,2254,1de76aa4e4e6a84f19a1245b7f13adea85e0290c5bbbbd45af09cb7cfad7589b,机器可读结论与断言
证据,01_版本基线与封包审计,固化1,机器结果,证据/01_版本基线与封包审计/固化1/机器结果/综合调查器_EVE基线回归.json,1235,cf9699812811e9b980a46cdee5b799175636d4323fae45be251f5335cf841474,机器可读结论与断言
证据,01_版本基线与封包审计,固化1,机器结果,证据/01_版本基线与封包审计/固化1/机器结果/综合调查器_SCI样本分类回归.json,190,9d499eee75b0ac34f86dae96fcef1724e0abff116d4ee98c1f295334aa612bcb,机器可读结论与断言
证据,01_版本基线与封包审计,固化1,机器结果,证据/01_版本基线与封包审计/固化1/机器结果/综合调查器_SF2样本头回归.json,485,4bf988d37c05d249cf2c767f3c9bd65ad345db2b54d322ee9482e1e63ba1bfef,机器可读结论与断言
证据,01_版本基线与封包审计,固化1,机器结果,证据/01_版本基线与封包审计/固化1/机器结果/阶段里程碑状态_v0.7D阶段中固化1.json,724,faba42d10a1b40841716f6b9ef030a7652990420485a859679bd59e2299b28d9,机器可读结论与断言
证据,01_版本基线与封包审计,固化1,表格明细,证据/01_版本基线与封包审计/固化1/表格明细/已知Oracle地址索引_v0.7D阶段中固化1.csv,1099,267138dd4487c35545a833c5e307324b6de6b5f4998dd3311b167de3988bf89c,逐项筛选和人工核对
证据,01_版本基线与封包审计,固化10,机器结果,证据/01_版本基线与封包审计/固化10/机器结果/EVE_0x96当前样本扫描_固化10.json,339,d4f8f77ddd85fe794634779a34549872e35297113304e196c8c26984839765d7,机器可读结论与断言
证据,01_版本基线与封包审计,固化10,机器结果,证据/01_版本基线与封包审计/固化10/机器结果/EVE事件ID与当前文件槽映射_固化10.json,1467,4dca92d7ccf81756ffb0edadeebf14b00bbfdab8f939847456b94c34b971895b,机器可读结论与断言
证据,01_版本基线与封包审计,固化10,机器结果,证据/01_版本基线与封包审计/固化10/机器结果/EVE延迟结果恢复键与Event槽生命周期_固化10.json,1612,805fd7433f07bd19b4d8e18c06ee631435b3400d894db55ca194fb68f091c3e6,机器可读结论与断言
证据,01_版本基线与封包审计,固化10,机器结果,证据/01_版本基线与封包审计/固化10/机器结果/EVE当前样本覆盖边界_固化10.json,910,b4d4eb0a0d1fd2702f4306e38bd840ec5164bb5ade3bf41a85ac95a4e3131b9d,机器可读结论与断言
证据,01_版本基线与封包审计,固化10,机器结果,证据/01_版本基线与封包审计/固化10/机器结果/MapSCI加380到DataCenter加108结构链_固化10.json,1522,2b90f81aa9d7984e8dcc5054acb1fbd049c549c6c54dfa029c4377028fac4025,机器可读结论与断言
证据,01_版本基线与封包审计,固化10,机器结果,证据/01_版本基线与封包审计/固化10/机器结果/MapSCI加384与code12场景门控_固化10.json,1447,38e7a6c7cfa7a3be0190a1004cca854e6546846c35a1b07a068678679377d8ad,机器可读结论与断言
证据,01_版本基线与封包审计,固化10,机器结果,证据/01_版本基线与封包审计/固化10/机器结果/MapSCI尾字段当前样本回归_固化10.json,945,d2192c1f2c629e235e3bf63dab836db2e3b4ce14fd6302809bb6157698641ce9,机器可读结论与断言
证据,01_版本基线与封包审计,固化10,机器结果,证据/01_版本基线与封包审计/固化10/机器结果/MapSCI运行时容器与源记录绑定_固化10.json,1437,a8da76b12130a20e92cfb0ec873ccbcc7dbb7e2ab35a7469ba29415729c78bd5,机器可读结论与断言
证据,01_版本基线与封包审计,固化10,机器结果,证据/01_版本基线与封包审计/固化10/机器结果/SCI调查器_RPG地图尾字段静态回归_固化10.json,6417,8ff0accdd5ef987af3b98533bfe07dbb14a0a947c17bc603fde3e898376ca900,机器可读结论与断言
证据,01_版本基线与封包审计,固化10,机器结果,证据/01_版本基线与封包审计/固化10/机器结果/世界动作code12_fallback条件复核_固化10.json,1226,9e4111be3ff914289e1d94ecf77b251a6aed94ab1bfe2ad04bd488b4829d7746,机器可读结论与断言
证据,01_版本基线与封包审计,固化10,机器结果,证据/01_版本基线与封包审计/固化10/机器结果/保存事件输入失效链_固化10.json,2144,94ca8a8c4a9b0f58adddcc6e9bd077fc7127d9a14b944deb0a2f16f11cb392c0,机器可读结论与断言
证据,01_版本基线与封包审计,固化10,机器结果,证据/01_版本基线与封包审计/固化10/机器结果/历史数据说明.json,364,f1cc5533a869fc85c137dc8277d313c35d11b137f55ac74bab1c06fe0767ebb2,机器可读结论与断言
证据,01_版本基线与封包审计,固化10,机器结果,证据/01_版本基线与封包审计/固化10/机器结果/文档全量遍历审计_固化10.json,8486,7b08f426b29d9715fb8b9693011b8f9ec7e56d01811cd032fa5f287b858de251,机器可读结论与断言
证据,01_版本基线与封包审计,固化10,机器结果,证据/01_版本基线与封包审计/固化10/机器结果/阶段里程碑状态_v0.7D阶段中固化10.json,1491,233df0db69a45c2cef089b2979db5ddaaf0288b8423eb6cc23b2026c496daec5,机器可读结论与断言
证据,01_版本基线与封包审计,固化10,表格明细,证据/01_版本基线与封包审计/固化10/表格明细/已知Oracle地址索引_v0.7D阶段中固化10.csv,1270,4e9bbd414378f8882001836d21f6d47d649a1cba0e63b6f2751d56e5718e5085,逐项筛选和人工核对
证据,01_版本基线与封包审计,固化11,机器结果,证据/01_版本基线与封包审计/固化11/机器结果/DataCenter加108与Interface存档入口闭环_固化11.json,1522,fd9315d1f68f9c80f7316ad8afef96331e4cb10b3c38608592d7c0189a4e2eb9,机器可读结论与断言
证据,01_版本基线与封包审计,固化11,机器结果,证据/01_版本基线与封包审计/固化11/机器结果/EVE_0x96当前样本扫描_固化11.json,218,25789c6a06ed585a9ce65968938705689c8bedac09944fecda0a47c98ef73576,机器可读结论与断言
证据,01_版本基线与封包审计,固化11,机器结果,证据/01_版本基线与封包审计/固化11/机器结果/EVE事件ID与当前文件槽映射_固化11.json,1467,fc64b87535bb874264f577062e5fa07f541080c34051eabaa1d6d79c17fd4b4f,机器可读结论与断言
证据,01_版本基线与封包审计,固化11,机器结果,证据/01_版本基线与封包审计/固化11/机器结果/EVE延迟结果恢复键与Event槽生命周期_固化11.json,1612,36065c1594684042a7b79af4fc0b13e8b5a237c5492835f35f530a632d99df0b,机器可读结论与断言
证据,01_版本基线与封包审计,固化11,机器结果,证据/01_版本基线与封包审计/固化11/机器结果/EVE当前样本覆盖边界_固化11.json,910,0823903c63c62b733a23503809062c2f9b6dd10db3ec64acb19914b158104c33,机器可读结论与断言
证据,01_版本基线与封包审计,固化11,机器结果,证据/01_版本基线与封包审计/固化11/机器结果/MapSCI加380到DataCenter加108结构链_固化11.json,2167,6699454b8dec3b0e04c87a96853a87c67de6527e4ed3a7e5dec818ccd1176409,机器可读结论与断言
证据,01_版本基线与封包审计,固化11,机器结果,证据/01_版本基线与封包审计/固化11/机器结果/MapSCI加384与code12场景门控_固化11.json,1447,64e75901431f571da214c83cfa9f69c094760950e3d4bd24f321a2dbf2662845,机器可读结论与断言
证据,01_版本基线与封包审计,固化11,机器结果,证据/01_版本基线与封包审计/固化11/机器结果/MapSCI尾字段当前样本回归_固化11.json,1154,1d9cdfac2b1c7a9dd633a891e94981b4ad1edf7d9f3039f1289caa62512f5e06,机器可读结论与断言
证据,01_版本基线与封包审计,固化11,机器结果,证据/01_版本基线与封包审计/固化11/机器结果/MapSCI运行时容器与源记录绑定_固化11.json,1437,53351cedf6b824b8d3f87d2caa1c4d5f13db9e278e2b8875a59f356c7e755e1a,机器可读结论与断言
证据,01_版本基线与封包审计,固化11,机器结果,证据/01_版本基线与封包审计/固化11/机器结果/SCI调查器_RPG地图尾字段静态回归_固化11.json,10666,0821cfce93c660ece348546911d5733db8bc0a0debc18d4f3c48b900a66925d6,机器可读结论与断言
证据,01_版本基线与封包审计,固化11,机器结果,证据/01_版本基线与封包审计/固化11/机器结果/世界动作code12_fallback条件复核_固化11.json,1226,067afe9b54e418945606835d0d5e1a7df8c541edaec0c86499a04b5af3cdc41c,机器可读结论与断言
证据,01_版本基线与封包审计,固化11,机器结果,证据/01_版本基线与封包审计/固化11/机器结果/保存事件输入失效链_固化11.json,2144,ebf29ff3bfa7d27302ad7dee1d518ed9b692b99fb608cc4c42916be45aae4b2d,机器可读结论与断言
证据,01_版本基线与封包审计,固化11,机器结果,证据/01_版本基线与封包审计/固化11/机器结果/文档全量遍历审计_固化11.json,9454,50265c0a4afc38a2994aa1179c53e737f735c9736f2b9d3dd2ff5185f8d79731,机器可读结论与断言
证据,01_版本基线与封包审计,固化11,机器结果,证据/01_版本基线与封包审计/固化11/机器结果/阶段里程碑状态_v0.7D阶段中固化11.json,1880,4ee13387c44e15fb6a14b038ed15f89139b6faf51e3543b872fc053cb85be5e2,机器可读结论与断言
证据,01_版本基线与封包审计,固化11,表格明细,证据/01_版本基线与封包审计/固化11/表格明细/已知Oracle地址索引_v0.7D阶段中固化11.csv,2092,eac85a68294c5041ac23feeb204632fd95648f36fb0826e4bfa9bdf1efbd5425,逐项筛选和人工核对
证据,01_版本基线与封包审计,固化12,机器结果,证据/01_版本基线与封包审计/固化12/机器结果/EVE_opcode39休整三项分派_固化12.json,1787,18f109633985358d319d8d7e54148dcf2efa1ff41129d68e36dff7608050c401,机器可读结论与断言
证据,01_版本基线与封包审计,固化12,机器结果,证据/01_版本基线与封包审计/固化12/机器结果/EVE事件延迟协议_RPG静态回归_固化12.json,11610,4083e580ccafadf967a3158d189ad169b2fb717f44fe2f78a074cf012c50e007,机器可读结论与断言
证据,01_版本基线与封包审计,固化12,机器结果,证据/01_版本基线与封包审计/固化12/机器结果/MapSCI存档许可与休整Interface生命周期_固化12.json,2150,62e3b5bbe41aa42fd16589a8de2d64232b015eeddf4daa6333c4ed3f3bd25a22,机器可读结论与断言
证据,01_版本基线与封包审计,固化12,机器结果,证据/01_版本基线与封包审计/固化12/机器结果/MapSCI尾字段当前样本回归_固化12.json,1327,9e3ce3ffcc7bd6e03c1b932c392aa9ed1276197674132db095a77d797206fe99,机器可读结论与断言
证据,01_版本基线与封包审计,固化12,机器结果,证据/01_版本基线与封包审计/固化12/机器结果/MenusDir休整与Interface资源证据_固化12.json,2205,9caadaa5c26a6ba7d9ac22d5943235f422c77a90cc48d6cb9da5508274b4d116,机器可读结论与断言
证据,01_版本基线与封包审计,固化12,机器结果,证据/01_版本基线与封包审计/固化12/机器结果/SCI调查器_RPG地图尾字段静态回归_固化12.json,15854,94f564fe7ce38b7d450814c2aebafe28a18cc55126c3a61d2d28bc35e0ae3b60,机器可读结论与断言
证据,01_版本基线与封包审计,固化12,机器结果,证据/01_版本基线与封包审计/固化12/机器结果/文档全量遍历审计_固化12.json,5024,20b585901d063a633a1834ed9f61bffb4e9fc0b4466b5a2b5bdfb601d81a9fa0,机器可读结论与断言
证据,01_版本基线与封包审计,固化12,机器结果,证据/01_版本基线与封包审计/固化12/机器结果/阶段里程碑状态_v0.7D阶段中固化12.json,1839,9a2b44eeaa0f1ac5d36dbaae36523833210bdc9f8ac4d03077cfe8a32c5102ad,机器可读结论与断言
证据,01_版本基线与封包审计,固化12,表格明细,证据/01_版本基线与封包审计/固化12/表格明细/已知Oracle地址索引_v0.7D阶段中固化12.csv,3053,1df65e9585d156e2cd842317aac2e266e2d1074814e8a7003d2a1fdb53b16287,逐项筛选和人工核对
证据,01_版本基线与封包审计,固化13,机器结果,证据/01_版本基线与封包审计/固化13/机器结果/EVE_opcode39休整场景索引_固化13.json,2978,22ad41d3440b0e54c9f78b4bac5c4b0d643a1e81ee0aa822dbb0d4a1995fb2a0,机器可读结论与断言
证据,01_版本基线与封包审计,固化13,机器结果,证据/01_版本基线与封包审计/固化13/机器结果/EVE_opcode39当前样本覆盖_固化13.json,1095,a515ce7a066f7bd82b64a788a965537ab6960c955730f655451a37babea4c020,机器可读结论与断言
证据,01_版本基线与封包审计,固化13,机器结果,证据/01_版本基线与封包审计/固化13/机器结果/EVE事件与休整索引_RPG静态回归_固化13.json,15418,660c5b6f7830b7f89b3c87e13fd9ae2bb203488e5838e13db7da1f75a553a883,机器可读结论与断言
证据,01_版本基线与封包审计,固化13,机器结果,证据/01_版本基线与封包审计/固化13/机器结果/MEN9001_SF2结构解析_固化13.json,11895,100d438c510f8c503d1598ca462b989a3387374040033b86d990afce4f1e1429,机器可读结论与断言
证据,01_版本基线与封包审计,固化13,机器结果,证据/01_版本基线与封包审计/固化13/机器结果/MEN9001四种休整场景实图索引_固化13.json,1598,30583a9f4579b87ce0dfbdd6e814599c2411bd205fb40aa9a4822febccaf2da1,机器可读结论与断言
证据,01_版本基线与封包审计,固化13,机器结果,证据/01_版本基线与封包审计/固化13/机器结果/文档全量遍历审计_固化13.json,10545,1eebeb1d9d1582a74638863c36fda933f5c0f00051eaaf95162af2f17974dfa9,机器可读结论与断言
证据,01_版本基线与封包审计,固化13,机器结果,证据/01_版本基线与封包审计/固化13/机器结果/阶段里程碑状态_v0.7D阶段中固化13.json,2112,6494462e6e168849f3d6b9a4d6d571bedfa63fd220de3c5a3e99c06aa4f35f14,机器可读结论与断言
证据,01_版本基线与封包审计,固化13,表格明细,证据/01_版本基线与封包审计/固化13/表格明细/已知Oracle地址索引_v0.7D阶段中固化13.csv,4756,c51f180db943732c0fd6c2dbb4ce1a5d717a61cd79fb3f189ff512ef049c04ce,逐项筛选和人工核对
证据,01_版本基线与封包审计,固化14,机器结果,证据/01_版本基线与封包审计/固化14/机器结果/EVE_opcode39休整场景索引_固化14.json,3207,8c1f05cb3c90a504b878781329b620f799c570fd5dac11ce4980894a9d505aba,机器可读结论与断言
证据,01_版本基线与封包审计,固化14,机器结果,证据/01_版本基线与封包审计/固化14/机器结果/EVE_opcode39当前样本覆盖_固化14.json,1324,c25756beacb5894e3f416c4d11b01f018dbfad038b7a7f89821f36cf65f981c6,机器可读结论与断言
证据,01_版本基线与封包审计,固化14,机器结果,证据/01_版本基线与封包审计/固化14/机器结果/MEN0003_MEN0009天書禁用资源比较_固化14.json,28459,3ccd655a89b6112817ef48931f58f22e38f705952f6624df3d99c289d926b904,机器可读结论与断言
证据,01_版本基线与封包审计,固化14,机器结果,证据/01_版本基线与封包审计/固化14/机器结果/MEN9001_SF2结构解析_固化14.json,12124,9ffc7e725f087759e4c278725e0a03b4a919d5b2ed4d5eb070033dbb56b8bc22,机器可读结论与断言
证据,01_版本基线与封包审计,固化14,机器结果,证据/01_版本基线与封包审计/固化14/机器结果/MEN9001四种休整场景实图索引_固化14.json,1827,e5d22c992df2b95859ed54325cbb8ef99d8242ce6bbee53c7f9fca77c6c5771b,机器可读结论与断言
证据,01_版本基线与封包审计,固化14,机器结果,证据/01_版本基线与封包审计/固化14/机器结果/文档全量遍历审计_固化14.json,8609,8d07c9d72dd0b243687d4eeb1942d0858dd1a65b47376275838a200c7897fbae,机器可读结论与断言
证据,01_版本基线与封包审计,固化14,机器结果,证据/01_版本基线与封包审计/固化14/机器结果/阶段里程碑状态_v0.7D阶段中固化14.json,1453,17e2eed593008328dc321233fbafba075a21f868ea44bf593c251343ee3bcbea,机器可读结论与断言
证据,01_版本基线与封包审计,固化14,表格明细,证据/01_版本基线与封包审计/固化14/表格明细/已知Oracle地址索引_v0.7D阶段中固化14.csv,6595,b540324e38eaed2700bb048afbc4d674ecc46ec36233d0fd2567372f850df077,逐项筛选和人工核对
证据,01_版本基线与封包审计,固化15,机器结果,证据/01_版本基线与封包审计/固化15/机器结果/EVE_opcode39休整场景索引_固化15_继承复核.json,3359,c79ea7790380b3dc0e7d12776103773f79cbd65cbab551384afaa4fafdac4137,机器可读结论与断言
证据,01_版本基线与封包审计,固化15,机器结果,证据/01_版本基线与封包审计/固化15/机器结果/EVE_opcode39当前样本覆盖_固化15_继承复核.json,1476,8b899c44d5b9a54cfde03e3f8640eca904a28354ef239e1b896922a7e19fc909,机器可读结论与断言
证据,01_版本基线与封包审计,固化15,机器结果,证据/01_版本基线与封包审计/固化15/机器结果/MEN0003_MEN0009天書禁用资源比较_固化15.json,28435,637c9d52c6eb10db941a535641c0312ad0738a590e325144ce4ea6fd9fb46b2d,机器可读结论与断言
证据,01_版本基线与封包审计,固化15,机器结果,证据/01_版本基线与封包审计/固化15/机器结果/MEN9001_SF2结构解析_固化15_继承复核.json,12276,aaf10d673fdc567f0c477d3829373417687baa365d99a1d95704bfb55834452c,机器可读结论与断言
证据,01_版本基线与封包审计,固化15,机器结果,证据/01_版本基线与封包审计/固化15/机器结果/MEN9001四种休整场景实图索引_固化15_继承复核.json,1979,8475f9639f872b771b4886b2a5eb070281ff576536b0f5cbe574aef0e6303142,机器可读结论与断言
证据,01_版本基线与封包审计,固化15,机器结果,证据/01_版本基线与封包审计/固化15/机器结果/战斗D7胜负奖励数据回归_固化15.json,173056,9833170ea9cd6e29633f49003998140e81bad34cb397ec988355b60e9488804b,机器可读结论与断言
证据,01_版本基线与封包审计,固化15,机器结果,证据/01_版本基线与封包审计/固化15/机器结果/战斗调查器_RPG静态证据回归_固化15.json,54611,4d74e58696c9ada03906e75359c3cb3291b0de0bb650a3b6da451c828df92dce,机器可读结论与断言
证据,01_版本基线与封包审计,固化15,机器结果,证据/01_版本基线与封包审计/固化15/机器结果/战斗调查器_当前证据快照回归_固化15.json,5197,ceb5aacd1f97373436f62f88b43a9114d67e833245409ed57b825216da38dd3d,机器可读结论与断言
证据,01_版本基线与封包审计,固化15,机器结果,证据/01_版本基线与封包审计/固化15/机器结果/文档全量遍历审计_固化15.json,8651,f1958c6fa7ff4a259fc56e8c3cf875e982baff73bd47ca3288b22dd925a7f3b0,机器可读结论与断言
证据,01_版本基线与封包审计,固化15,机器结果,证据/01_版本基线与封包审计/固化15/机器结果/直接调用引用_Battle角色回写_0x441F60_固化15.json,310,086c5f0863ec9f5ee04a175bb7b88e545762be8cc7b95a215d784ca81c62f73f,机器可读结论与断言
证据,01_版本基线与封包审计,固化15,机器结果,证据/01_版本基线与封包审计/固化15/机器结果/直接调用引用_战斗结果分派器_0x443660_固化15.json,346,14d5cf4536668a0804ef97bdefbb4df067d37634bf92117010c55a5d604b6e20,机器可读结论与断言
证据,01_版本基线与封包审计,固化15,机器结果,证据/01_版本基线与封包审计/固化15/机器结果/直接调用引用_战斗胜负判定器_0x443590_固化15.json,310,c9be85295e7e7871c1ed5d1746a3d327af6fa219799fc5b84c4c99378421f193,机器可读结论与断言
证据,01_版本基线与封包审计,固化15,机器结果,证据/01_版本基线与封包审计/固化15/机器结果/直接调用引用_金钱增加_0x439820_固化15.json,382,e470ce89832e5d5394f27ac3d1d726324a70f163a6ac122fab889b88b14fabee,机器可读结论与断言
证据,01_版本基线与封包审计,固化15,机器结果,证据/01_版本基线与封包审计/固化15/机器结果/阶段里程碑状态_v0.7D阶段中固化15.json,2667,485c4915dd772cde8386e4b66e0e8b9a4131b84bb1952f3a80c8fa0a8c16fe8d,机器可读结论与断言
证据,01_版本基线与封包审计,固化15,表格明细,证据/01_版本基线与封包审计/固化15/表格明细/已知Oracle地址索引_v0.7D阶段中固化15.csv,8590,5db551965098f4e172a65bf8fa99b3e9907316c8d1b2dd432287da095a1b809c,逐项筛选和人工核对
证据,01_版本基线与封包审计,固化15,表格明细,证据/01_版本基线与封包审计/固化15/表格明细/战斗D7地址索引_固化15.csv,802,fbc925deeebd3de34584b626da140cb070dd5f220e7b68266feb4d38e19f7ba4,逐项筛选和人工核对
证据,01_版本基线与封包审计,固化16,机器结果,证据/01_版本基线与封包审计/固化16/机器结果/LayoutGR字段与候选队伍回归_固化16.json,96392,1413e6eab11a98cc5f7ea992e42ee9177fb021df0c5df5ce4ab1e79793783c09,机器可读结论与断言
证据,01_版本基线与封包审计,固化16,机器结果,证据/01_版本基线与封包审计/固化16/机器结果/MEN0003_MEN0009天書禁用资源比较_固化16.json,28449,639a3796abd5a17179463e464c37bc00c00355b579cae762d8678ced44865451,机器可读结论与断言
证据,01_版本基线与封包审计,固化16,机器结果,证据/01_版本基线与封包审计/固化16/机器结果/战斗D7伏龙A特殊结束数据回归_固化16.json,5445,b185aacc790f86e4a383e29a69aa4720680af19d35f00841de2d58916b5f74a5,机器可读结论与断言
证据,01_版本基线与封包审计,固化16,机器结果,证据/01_版本基线与封包审计/固化16/机器结果/战斗D7胜负奖励数据回归_固化16.json,173056,5e342056263a6a93b5f50d99d95c5802ea2898c450b42f8d41794205c0c8abed,机器可读结论与断言
证据,01_版本基线与封包审计,固化16,机器结果,证据/01_版本基线与封包审计/固化16/机器结果/战斗调查器_RPG静态证据回归_固化16.json,61221,e5b124501c774a2000d05e90fc8b136b4562b100822f331f7a8a8b0fbe1fb415,机器可读结论与断言
证据,01_版本基线与封包审计,固化16,机器结果,证据/01_版本基线与封包审计/固化16/机器结果/战斗调查器_当前证据快照回归_固化16.json,5186,139037aaa760deda59dc304f839130b556980c9d4e8826874e74312d7ffb2cdc,机器可读结论与断言
证据,01_版本基线与封包审计,固化16,机器结果,证据/01_版本基线与封包审计/固化16/机器结果/文档全量遍历审计_固化16.json,206,179b8ff3c6bbfecd81eceb29837c3290c5837884519000181d70a5dc3d034e2c,机器可读结论与断言
证据,01_版本基线与封包审计,固化16,机器结果,证据/01_版本基线与封包审计/固化16/机器结果/阶段里程碑状态_v0.7D阶段中固化16.json,1037,2b8317976130b7cf23403e7fbcc7895973f02d95a4c54c46e24eef522e0d7f39,机器可读结论与断言
证据,01_版本基线与封包审计,固化16,表格明细,证据/01_版本基线与封包审计/固化16/表格明细/LayoutGR字段与候选队伍回归_固化16.csv,27634,6f2a49b55e8658825638b86acc1ce5cc5ce2a0d89e1510352996b7d2337fcdbd,逐项筛选和人工核对
证据,01_版本基线与封包审计,固化16,表格明细,证据/01_版本基线与封包审计/固化16/表格明细/已知Oracle地址索引_v0.7D阶段中固化16.csv,518,4a2cf171186ec76916fd143138d2a0b54d56b6ef3b5de93e17def311da67f9c9,逐项筛选和人工核对
证据,01_版本基线与封包审计,固化17,机器结果,证据/01_版本基线与封包审计/固化17/机器结果/包内完整性校验_固化17.json,113919,96685a76b28de7ee96f1a29a552a3383235d2d61d844f00c83acc9cccc62e108,机器可读结论与断言
证据,01_版本基线与封包审计,固化17,机器结果,证据/01_版本基线与封包审计/固化17/机器结果/场景调查器_RPG地图与天書门控静态回归_固化17.json,19782,75a05179dafb623a1b255a2195b29434bd75636db8a395fd740cfdb2fc65da8e,机器可读结论与断言
证据,01_版本基线与封包审计,固化17,机器结果,证据/01_版本基线与封包审计/固化17/机器结果/战斗D7结果界面退出与持久回写生命周期_固化17.json,3262,dbc4fbfce4994c2e145fa4c029d9e7c523b17cffa50b9646de159cfc20b5f2f5,机器可读结论与断言
证据,01_版本基线与封包审计,固化17,机器结果,证据/01_版本基线与封包审计/固化17/机器结果/战斗调查器_RPG静态证据回归_固化17.json,72927,d798562c1ef664168d5afb9a81d1fac7dd58a20000f3d21be5120140c4389324,机器可读结论与断言
证据,01_版本基线与封包审计,固化17,机器结果,证据/01_版本基线与封包审计/固化17/机器结果/战斗调查器_当前证据快照回归_固化17.json,5388,38da8e840219b0d701616aa9b5e5445addbdf28ba6d1a11c87e9c45941b3c475,机器可读结论与断言
证据,01_版本基线与封包审计,固化17,机器结果,证据/01_版本基线与封包审计/固化17/机器结果/文档全量遍历审计_固化17.json,9972,4aebf0a7d5782317d61e863aec8f2eb29508312dd9f7c2deaeed4112bf7ec37b,机器可读结论与断言
证据,01_版本基线与封包审计,固化17,机器结果,证据/01_版本基线与封包审计/固化17/机器结果/界面正常与天書禁用资源比较_固化17.json,28483,dcd48878213ca64fd4b59db66a83e531134a7daada065721e3078d50ee4095d2,机器可读结论与断言
证据,01_版本基线与封包审计,固化17,机器结果,证据/01_版本基线与封包审计/固化17/机器结果/阶段里程碑状态_v0.7D阶段中固化17.json,1095,80388907dc478a1c031c7542ffc4456f753b34ec2b2f1bdbd320487508c625ee,机器可读结论与断言
证据,01_版本基线与封包审计,固化17,表格明细,证据/01_版本基线与封包审计/固化17/表格明细/已知Oracle地址索引_v0.7D阶段中固化17.csv,3292,20b1fe474f14a41d1948f2ded85e83a7e9faf36c50ed644520f0bef8c732b708,逐项筛选和人工核对
证据,01_版本基线与封包审计,固化18,机器结果,证据/01_版本基线与封包审计/固化18/机器结果/包内完整性校验_固化18.json,119297,0c9564d24166faca8e3e12e8ade5caec5ef5c6c3c44af7304bbef88e5f12a020,机器可读结论与断言
证据,01_版本基线与封包审计,固化18,机器结果,证据/01_版本基线与封包审计/固化18/机器结果/战斗D7伏龙A特殊结束数据回归_固化18_继承复核.json,5445,32d397db12c22d4e9c62c15bceeb7d8675a2a1f3c2a3ef1e8abc251f2e24b0d6,机器可读结论与断言
证据,01_版本基线与封包审计,固化18,机器结果,证据/01_版本基线与封包审计/固化18/机器结果/战斗D7胜负奖励数据回归_固化18_继承复核.json,173056,018e81a78a8eb2216ec36329b91d71decbf5566380b0baf9342432c169b58fe6,机器可读结论与断言
证据,01_版本基线与封包审计,固化18,机器结果,证据/01_版本基线与封包审计/固化18/机器结果/战斗调查器_当前证据快照回归_固化18.json,5511,28442568d3ca891a60dafec51bc4e34048db6202ed07b1aa710cc5eb1e9c6b30,机器可读结论与断言
证据,01_版本基线与封包审计,固化18,机器结果,证据/01_版本基线与封包审计/固化18/机器结果/文档全量遍历审计_固化18.json,17782,c0334417151ca81c1b7776d6c3750a3812d5092c4a9ec817054e88c4575326bb,机器可读结论与断言
证据,01_版本基线与封包审计,固化18,机器结果,证据/01_版本基线与封包审计/固化18/机器结果/界面正常与天書禁用资源比较_固化18.json,28457,1dec4059b7b52dea181c6f159c0155e53489688020a0a5947b54713bc379cabd,机器可读结论与断言
证据,01_版本基线与封包审计,固化18,机器结果,证据/01_版本基线与封包审计/固化18/机器结果/阶段里程碑状态_v0.7D阶段中固化18.json,1606,0fa30c345114fc19024deb1a0e1a58998f8249ed7e0d3da82694c9c47fb17ec7,机器可读结论与断言
证据,01_版本基线与封包审计,固化18,表格明细,证据/01_版本基线与封包审计/固化18/表格明细/已知Oracle地址索引_v0.7D阶段中固化18.csv,894,92fa6dd3ba4da7f9f87ce07c06cb67284c43187615680e128623e0a6c28ab3d3,逐项筛选和人工核对
证据,01_版本基线与封包审计,固化19,机器结果,证据/01_版本基线与封包审计/固化19/机器结果/包内完整性校验_固化19.json,123333,6b0e31dc96c590197f17359df1497f539dfc01297781210f9c992aed8629a178,机器可读结论与断言
证据,01_版本基线与封包审计,固化19,机器结果,证据/01_版本基线与封包审计/固化19/机器结果/战斗D7伏龙A特殊结束数据回归_固化19_继承复核.json,5445,67495a5f7f9332f4d3516bbb3cb6ba90b2da9a801b313e5b2ae6755ca43ccc7a,机器可读结论与断言
证据,01_版本基线与封包审计,固化19,机器结果,证据/01_版本基线与封包审计/固化19/机器结果/战斗D7胜负奖励数据回归_固化19_继承复核.json,173056,be9bb27b2833e2eef75cadd0a4e3b4eaf54dd1cd8e161f0b91b446897fc9cb75,机器可读结论与断言
证据,01_版本基线与封包审计,固化19,机器结果,证据/01_版本基线与封包审计/固化19/机器结果/战斗D8初始化胜利及AI目标动作随机顺序_固化19.json,15972,352a848db735525ed0490322b7625ce61af1a26fb31a85ddde7298578c6d27ff,机器可读结论与断言
证据,01_版本基线与封包审计,固化19,机器结果,证据/01_版本基线与封包审计/固化19/机器结果/战斗调查器_RPG静态证据回归_固化19.json,89570,6518b337847826435d6b3773046732b0458c95bf650485ec67f37ff5e80e12b7,机器可读结论与断言
证据,01_版本基线与封包审计,固化19,机器结果,证据/01_版本基线与封包审计/固化19/机器结果/战斗调查器_当前证据快照回归_固化19.json,5511,643045e096336c5e171bd750eaf5b0b14dde20c044eaf2ed4c16fb87aa37eb74,机器可读结论与断言
证据,01_版本基线与封包审计,固化19,机器结果,证据/01_版本基线与封包审计/固化19/机器结果/文档全量遍历审计_固化19.json,4093,918f1dd2da6c48605076b3aca9a2437634ef840ac3df538e70bb165eb08c2526,机器可读结论与断言
证据,01_版本基线与封包审计,固化19,机器结果,证据/01_版本基线与封包审计/固化19/机器结果/界面正常与天書禁用资源比较_固化19.json,28463,58a7d742d678285f2192e3cc1df9a6e05d3bfe4b76dd83bdda328cc521be94ac,机器可读结论与断言
证据,01_版本基线与封包审计,固化19,机器结果,证据/01_版本基线与封包审计/固化19/机器结果/阶段里程碑状态_v0.7D阶段中固化19.json,1507,66d64110914cf5faa4dfb8ad556ea54d9068afff35a87d1050f9b774f84670b9,机器可读结论与断言
证据,01_版本基线与封包审计,固化19,表格明细,证据/01_版本基线与封包审计/固化19/表格明细/已知Oracle地址索引_v0.7D阶段中固化19.csv,653,d96fd95b55ea2300888f4d6de74b0f0a1525a4424101030713ddad8ab70e2a64,逐项筛选和人工核对
证据,01_版本基线与封包审计,固化2,机器结果,证据/01_版本基线与封包审计/固化2/机器结果/历史数据说明.json,414,e8d0cf74394ee4bb3aad2252f1d76eda81a189b830d9cb3652b9031f1b614d52,机器可读结论与断言
证据,01_版本基线与封包审计,固化2,机器结果,证据/01_版本基线与封包审计/固化2/机器结果/战斗核心证据快照_v0.7D阶段中固化2.json,4005,28e6d810fc025f90539637efa7558f234c39173a876fb56755fae7cdfbe40c68,机器可读结论与断言
证据,01_版本基线与封包审计,固化2,机器结果,证据/01_版本基线与封包审计/固化2/机器结果/阶段里程碑状态_v0.7D阶段中固化2.json,1060,b24444d4a2b648f59af018242579369b6c72feec258f8d24740292edc859ad67,机器可读结论与断言
证据,01_版本基线与封包审计,固化2,表格明细,证据/01_版本基线与封包审计/固化2/表格明细/已知Oracle地址索引_v0.7D阶段中固化2.csv,1433,2f6ec5a8e75b0cc471d112fd4ab76fbda288c989fad7b9bee26780f0290dacf8,逐项筛选和人工核对
证据,01_版本基线与封包审计,固化20,机器结果,证据/01_版本基线与封包审计/固化20/机器结果/包内完整性校验_固化20.json,127633,df1d7126f70a27689846a6d71dc5360e861bc255dfafa685456eefd48647790f,机器可读结论与断言
证据,01_版本基线与封包审计,固化20,机器结果,证据/01_版本基线与封包审计/固化20/机器结果/战斗D7伏龙A特殊结束数据回归_固化20_继承复核.json,5446,f62f0584851282b37d2571f5e644514c96463cc8363ec20bd3df947371faed61,机器可读结论与断言
证据,01_版本基线与封包审计,固化20,机器结果,证据/01_版本基线与封包审计/固化20/机器结果/战斗D7胜负奖励数据回归_固化20_继承复核.json,173057,fca830fe9a5e29b766f4af72495f31a04d533ee22ce48497458ba4056496a476,机器可读结论与断言
证据,01_版本基线与封包审计,固化20,机器结果,证据/01_版本基线与封包审计/固化20/机器结果/战斗D8公式与效果条件性随机协议_固化20.json,4071,a60575e732b0a006f675734a9df28bfae9dc5c9cb0fc931fdfcdba332ff90655,机器可读结论与断言
证据,01_版本基线与封包审计,固化20,机器结果,证据/01_版本基线与封包审计/固化20/机器结果/战斗D8公式效果随机顺序_固化20.json,19497,818d1eac09d9d4ea26d081c1fc1cd4b60728b392af84dd44279869bebc1a4c98,机器可读结论与断言
证据,01_版本基线与封包审计,固化20,机器结果,证据/01_版本基线与封包审计/固化20/机器结果/战斗调查器_RPG静态证据回归_固化20.json,102328,dc7c9a321055a22ca6c1dd22fe632c63399991e85640ef3f8daaf3cb91a6764d,机器可读结论与断言
证据,01_版本基线与封包审计,固化20,机器结果,证据/01_版本基线与封包审计/固化20/机器结果/战斗调查器_当前证据快照回归_固化20.json,5512,b9efd154992298a1a65f3a5aee3211731402d696855f19f5772e43bb07de3e03,机器可读结论与断言
证据,01_版本基线与封包审计,固化20,机器结果,证据/01_版本基线与封包审计/固化20/机器结果/文档全量遍历审计_固化20.json,416,ae7221d3e1fe64c90c5d4b8667fbd8136475ea19ec66e9b8cb6dc0ed6b589276,机器可读结论与断言
证据,01_版本基线与封包审计,固化20,机器结果,证据/01_版本基线与封包审计/固化20/机器结果/界面正常与天書禁用资源比较_固化20.json,28457,262d1030cb512657961378e59efc69bfbbd713401b213e6abeff6c199ae721ee,机器可读结论与断言
证据,01_版本基线与封包审计,固化20,机器结果,证据/01_版本基线与封包审计/固化20/机器结果/阶段里程碑状态_v0.7D阶段中固化20.json,975,4c961c7ccd5c6106cb0cd76c520a60c685c16af316cb99cfcb56d44a58df2bb0,机器可读结论与断言
证据,01_版本基线与封包审计,固化20,表格明细,证据/01_版本基线与封包审计/固化20/表格明细/已知Oracle地址索引_v0.7D阶段中固化20.csv,1948,5362e94a2653be527827cdb0781a6b6422556a2e43e2ac86bfc2b4ca34ed92da,逐项筛选和人工核对
证据,01_版本基线与封包审计,固化22,机器结果,证据/01_版本基线与封包审计/固化22/机器结果/本版本自动回归检查结果_固化22_根目录原始.json,4309,a69f50051e0e2ae178a2fe336cdbb618dbdd961207ecaf6fe57cc4e0b5b5d779,机器可读结论与断言
证据,01_版本基线与封包审计,固化24整理版1,机器结果,证据/01_版本基线与封包审计/固化24整理版1/机器结果/文档全量遍历审计_固化24整理版1.json,11399,bf1f9925bb4f21f904515ac8025011c62a8333e52be009c92e0fba7b1b178a51,机器可读结论与断言
证据,01_版本基线与封包审计,固化24整理版1,机器结果,证据/01_版本基线与封包审计/固化24整理版1/机器结果/本整理版全文件SHA与遍历索引.json,139687,413a830c54c2dac9025c17af93a5f8e8a139905aab8f97712f62e935a23509fe,机器可读结论与断言
证据,01_版本基线与封包审计,固化28,机器结果,证据/01_版本基线与封包审计/固化28/机器结果/固化包全文件索引_固化28.json,145721,021c328732420646e2f8c52f66825fff523e27a180ad0ab30eec2794b016fcca,机器可读结论与断言
证据,01_版本基线与封包审计,固化29,机器结果,证据/01_版本基线与封包审计/固化29/机器结果/固化包全文件索引_固化29.json,146752,c6c73beaf470ecd9fb327718b3b725e4558eddfb7060b875fcaeca88819a8bba,机器可读结论与断言
证据,01_版本基线与封包审计,固化3,机器结果,证据/01_版本基线与封包审计/固化3/机器结果/D6五槽最终应用封存边界_固化3.json,1336,520a047e6cc84816eaf0e60a7c17c1afe9f60edc20a7398f825c6a61ff49288f,机器可读结论与断言
证据,01_版本基线与封包审计,固化3,机器结果,证据/01_版本基线与封包审计/固化3/机器结果/RoleDefinition双资源运行时证据_固化3.json,23138,c9cb1b75d788effbb2de19127a23c290d6a5b0b456533e6ac22fe8d4f88f643f,机器可读结论与断言
证据,01_版本基线与封包审计,固化3,机器结果,证据/01_版本基线与封包审计/固化3/机器结果/Role运行时状态槽外部Consumer_固化3.json,9954,156124c97ecc73a58ce9ead54c19a35bb8f9013eda74fe543730898d8c659fe5,机器可读结论与断言
证据,01_版本基线与封包审计,固化3,机器结果,证据/01_版本基线与封包审计/固化3/机器结果/五槽效果ID与Role运行时槽映射_固化3.json,22475,77220bed9d068996a678fd03acbc6c7256eea7199f0cd4ea62e2d005d0ecf43f,机器可读结论与断言
证据,01_版本基线与封包审计,固化3,机器结果,证据/01_版本基线与封包审计/固化3/机器结果/战斗公式与RNG结构_固化3.json,33720,5364a1dc21b0bca0a06c5335d1cd23bfb3ee28a8aa5abd9d42a621e4d904c5de,机器可读结论与断言
证据,01_版本基线与封包审计,固化3,机器结果,证据/01_版本基线与封包审计/固化3/机器结果/战斗核心证据快照_v0.7D阶段中固化3.json,12425,50dc00647103bcf521765256a3f301048f85dc6ff96320a15cd46022da898140,机器可读结论与断言
证据,01_版本基线与封包审计,固化3,机器结果,证据/01_版本基线与封包审计/固化3/机器结果/战斗调查器_RPG静态证据回归_固化3.json,22590,339c09246ab0006e347ec34a5914d236b2f67ddf93807de5dedb4bd260b2cf2b,机器可读结论与断言
证据,01_版本基线与封包审计,固化3,机器结果,证据/01_版本基线与封包审计/固化3/机器结果/战斗调查器_关键ENC表回归_固化3.json,1872,ef6849c3a12c2fa03dd420313408df3e68069110127a64d6869d66c37718b8ee,机器可读结论与断言
证据,01_版本基线与封包审计,固化3,机器结果,证据/01_版本基线与封包审计/固化3/机器结果/战斗调查器_当前证据快照回归_固化3.json,3009,b2ad4587b4eb2d00879bf46f7898b4003e8e136586dc395fb7024dd8499138f0,机器可读结论与断言
证据,01_版本基线与封包审计,固化3,机器结果,证据/01_版本基线与封包审计/固化3/机器结果/文档全量遍历审计_固化3.json,11791,2e8384f618abeb96e9d58955aa88944615ad82de067589469ff71724a9642e66,机器可读结论与断言
证据,01_版本基线与封包审计,固化3,机器结果,证据/01_版本基线与封包审计/固化3/机器结果/阶段里程碑状态_v0.7D阶段中固化3.json,4351,f262a2569d788a8fb2fcb86f3e45b77fedf09b97a372a78d3c8a9457cf406f88,机器可读结论与断言
证据,01_版本基线与封包审计,固化3,表格明细,证据/01_版本基线与封包审计/固化3/表格明细/已知Oracle地址索引_v0.7D阶段中固化3.csv,6068,3e9e0594bdf8e06832ca84c3058951578e223d3df3cfa9876ef5141ad444416a,逐项筛选和人工核对
证据,01_版本基线与封包审计,固化30,机器结果,证据/01_版本基线与封包审计/固化30/机器结果/固化包全文件索引_固化30.json,147774,e0d545b1eff01e1401061d977a6e8e8be307be7957ec7800079cdd685258aef8,机器可读结论与断言
证据,01_版本基线与封包审计,固化4,机器结果,证据/01_版本基线与封包审计/固化4/机器结果/ArticleAil2状态解除分派_固化4.json,3961,81ed698dc09071094767aa59b384ad740aed141646f2b3b156c095c2c9937c8b,机器可读结论与断言
证据,01_版本基线与封包审计,固化4,机器结果,证据/01_版本基线与封包审计/固化4/机器结果/D6状态写入提交计时与清除_固化4.json,4158,59dceecbe7b96137ca597d0f43ec7be92680b78013dd325b28ab529cfe39e81f,机器可读结论与断言
证据,01_版本基线与封包审计,固化4,机器结果,证据/01_版本基线与封包审计/固化4/机器结果/DamageInfo坐标与旧结论修正_固化4.json,979,9f06c2b5d73fe8ce04902f9afe08eb9959d90b64342ce1ae0ef7bdf2554724ea,机器可读结论与断言
证据,01_版本基线与封包审计,固化4,机器结果,证据/01_版本基线与封包审计/固化4/机器结果/FIRTTECH特殊动作分派_固化4.json,5436,0cbe15ffef4750539584efc09af69fab3328f2ec83f0820ea235fc3a139948fb,机器可读结论与断言
证据,01_版本基线与封包审计,固化4,机器结果,证据/01_版本基线与封包审计/固化4/机器结果/历史数据说明.json,408,2135e50be529be801cae068f2d5166ad72d6dc60229b946e96d2496ca086e9a8,机器可读结论与断言
证据,01_版本基线与封包审计,固化4,机器结果,证据/01_版本基线与封包审计/固化4/机器结果/战斗调查器_RPG静态证据回归_固化4.json,28313,5d8c9e3ec54ac8a805c1cf497e41f89be7b0ba5466205fedb0d91274f33922f5,机器可读结论与断言
证据,01_版本基线与封包审计,固化4,机器结果,证据/01_版本基线与封包审计/固化4/机器结果/战斗调查器_当前证据快照回归_固化4.json,3329,50543191cf76d6bf3e995b190c4e009ef5afbdec0b3e5938ade31b7339b09fbe,机器可读结论与断言
证据,01_版本基线与封包审计,固化4,机器结果,证据/01_版本基线与封包审计/固化4/机器结果/文档全量遍历审计_固化4.json,7084,8f376f92544fbef341086f02ad06d4422b125fba9bbb6f9fcc42b4407b7202a5,机器可读结论与断言
证据,01_版本基线与封包审计,固化4,机器结果,证据/01_版本基线与封包审计/固化4/机器结果/阶段里程碑状态_v0.7D阶段中固化4.json,1281,ee6a9c52b47648247488fe4b6e88bc7847c78e3f29c17de0433f8cede8697d2e,机器可读结论与断言
证据,01_版本基线与封包审计,固化4,表格明细,证据/01_版本基线与封包审计/固化4/表格明细/已知Oracle地址索引_v0.7D阶段中固化4.csv,7617,55f6d931d05b6f8d9478bc96fac19b1869fde8840310b3cf8b41f3e200b10448,逐项筛选和人工核对
证据,01_版本基线与封包审计,固化42,机器结果,证据/01_版本基线与封包审计/固化42/机器结果/固化42封包回归审计.json,3577,9ab8c7d36a58948b75564131f6420095ac5bbb256f896d44fdd16ffbac755934,机器可读结论与断言
证据,01_版本基线与封包审计,固化42,机器结果,证据/01_版本基线与封包审计/固化42/机器结果/固化包全文件索引_固化42.json,173342,7d5aca0dddc4ced03e0bc79deea75ea2e5a35f1004a72228b0a4d7622b8f6de2,机器可读结论与断言
证据,01_版本基线与封包审计,固化43,机器结果,证据/01_版本基线与封包审计/固化43/机器结果/固化43封包回归审计.json,96849,19f8b60c3b4c2f454b648530a3e7d38c20f020da46c4d4bdcf61440a3be633b6,机器可读结论与断言
证据,01_版本基线与封包审计,固化43,机器结果,证据/01_版本基线与封包审计/固化43/机器结果/固化包全文件索引_固化43.json,175001,9c11460273c249dbf2d656fd4d0b2c13907b1d52100cf9c67f3817882a82a416,机器可读结论与断言
证据,01_版本基线与封包审计,固化44,机器结果,证据/01_版本基线与封包审计/固化44/机器结果/固化44封包回归审计.json,13926,561142e0870a75e9788dbc945fa0614000f84a5f9b80d092ab85384e88d87b75,机器可读结论与断言
证据,01_版本基线与封包审计,固化44,机器结果,证据/01_版本基线与封包审计/固化44/机器结果/固化包全文件索引_固化44.json,176912,33afd97f0e1aef3cd9738a1ca8b3056e71a698b1b674ecdea783ddd6a9a77770,机器可读结论与断言
证据,01_版本基线与封包审计,固化45,机器结果,证据/01_版本基线与封包审计/固化45/机器结果/固化45封包回归审计.json,9661,fac8fa4ed25b9c54f71776f9cd0746f85824c8fec3713c82578b526f1e110b3d,机器可读结论与断言
证据,01_版本基线与封包审计,固化45,机器结果,证据/01_版本基线与封包审计/固化45/机器结果/固化包全文件索引_固化45.json,178849,6f6cd83c8ce1a062bb0242a115f7721cb89c2ef307a468b0f81a60b32e52ec71,机器可读结论与断言
证据,01_版本基线与封包审计,固化46,机器结果,证据/01_版本基线与封包审计/固化46/机器结果/固化46封包回归审计.json,9336,d8b54967f8ff924446eeaaa8af866e3ae6e07451f2fdb2986f72395a4d2e0703,机器可读结论与断言
证据,01_版本基线与封包审计,固化5,机器结果,证据/01_版本基线与封包审计/固化5/机器结果/Ail2大ID物品样本与官方文本_固化5.json,16317,1adf493c64417223c9435cd1b6770ca3e038f323ec741e25e5607f13ad3267ba,机器可读结论与断言
证据,01_版本基线与封包审计,固化5,机器结果,证据/01_版本基线与封包审计/固化5/机器结果/ArticleAil2状态解除分派_固化5.json,4181,0ea82c3957a109a73572190e4a304bba6a262e427325ed434a90e4a0c2986c7c,机器可读结论与断言
证据,01_版本基线与封包审计,固化5,机器结果,证据/01_版本基线与封包审计/固化5/机器结果/D6大ID正常状态管线排除与特殊物品路径_固化5.json,2492,6457e97c968487216851a6cb3c5f8f5c4f4ee9952fab441a0c4869f1f7e2ec57,机器可读结论与断言
证据,01_版本基线与封包审计,固化5,机器结果,证据/01_版本基线与封包审计/固化5/机器结果/D6状态写入提交计时与清除_固化5.json,4545,69014c89250e29a0c38fbf8b2ff04c4d18cd62b0b3891dcbe9a548cfb68bee9c,机器可读结论与断言
证据,01_版本基线与封包审计,固化5,机器结果,证据/01_版本基线与封包审计/固化5/机器结果/D6运行时39槽后11槽边界_固化5.json,3065,5f2ae04bcb6639acd779f1d09c9bf673c3c8a4e584a8d133da56194ffcb620c6,机器可读结论与断言
证据,01_版本基线与封包审计,固化5,机器结果,证据/01_版本基线与封包审计/固化5/机器结果/DamageInfo坐标与旧结论修正_固化5.json,1201,c720991171986b8eb7b49ae6f481db3ec643cde3808da162c178fa64a553e480,机器可读结论与断言
证据,01_版本基线与封包审计,固化5,机器结果,证据/01_版本基线与封包审计/固化5/机器结果/FIRTTECH特殊动作分派_固化5.json,5656,e4b66bfc36a61627640de1d6ca6a04141b9f20e082b639a10b007bd5d1c18f75,机器可读结论与断言
证据,01_版本基线与封包审计,固化5,机器结果,证据/01_版本基线与封包审计/固化5/机器结果/战斗调查器_Ail2大ID数据回归_固化5.json,17287,bff074f1376b218ef061fdbad64ea84c79f33806cd2de0de7548668fb2936619,机器可读结论与断言
证据,01_版本基线与封包审计,固化5,机器结果,证据/01_版本基线与封包审计/固化5/机器结果/战斗调查器_RPG静态证据回归_固化5.json,30990,2a357053f8903038e593aac1c9eb560cbf8d2cc325e721b0e847941e7185161f,机器可读结论与断言
证据,01_版本基线与封包审计,固化5,机器结果,证据/01_版本基线与封包审计/固化5/机器结果/战斗调查器_当前证据快照回归_固化5.json,3459,17e535dcdced81e8d9871b2d2bd26892c1824f80399ecffc0708834d74b23ade,机器可读结论与断言
证据,01_版本基线与封包审计,固化5,机器结果,证据/01_版本基线与封包审计/固化5/机器结果/文档全量遍历审计_固化5.json,9184,2d8ea9a6c274ddaa469e900f88170481f5dff022303ca84128b8f1d975725f45,机器可读结论与断言
证据,01_版本基线与封包审计,固化5,机器结果,证据/01_版本基线与封包审计/固化5/机器结果/阶段里程碑状态_v0.7D阶段中固化5.json,1773,645518a4362856c52e1c3be6a6173a9213d3d1e8e97995a36b9bd6f160c73a95,机器可读结论与断言
证据,01_版本基线与封包审计,固化5,表格明细,证据/01_版本基线与封包审计/固化5/表格明细/Ail2大ID物品样本_固化5.csv,3473,4d7118d842bc487283e29f94bc638d82fb2036c9c64fbb733a5dbfb3c76acc39,逐项筛选和人工核对
证据,01_版本基线与封包审计,固化5,表格明细,证据/01_版本基线与封包审计/固化5/表格明细/已知Oracle地址索引_v0.7D阶段中固化5.csv,816,a7f74df2cd7a0ae285144baa0fcd56389c034c870bf88418fc26cbe9a1539862,逐项筛选和人工核对
证据,01_版本基线与封包审计,固化6,机器结果,证据/01_版本基线与封包审计/固化6/机器结果/世界特殊物品动作分派_固化6.json,2070,c319269f1ccad540a84fb9fce30fc9626b261e7c51c69a90e01369be05425c47,机器可读结论与断言
证据,01_版本基线与封包审计,固化6,机器结果,证据/01_版本基线与封包审计/固化6/机器结果/战斗调查器_RPG静态证据回归_固化6.json,40092,de989c95b583c23a15ceff621b95c26da7b9a4e4e877610c5c85b4aaf8d8174e,机器可读结论与断言
证据,01_版本基线与封包审计,固化6,机器结果,证据/01_版本基线与封包审计/固化6/机器结果/战斗调查器_当前证据快照回归_固化6.json,4384,59607a9ebc90ffee12013d16612d86d4a6391f98f0e96a86396ae2a3ead7c479,机器可读结论与断言
证据,01_版本基线与封包审计,固化6,机器结果,证据/01_版本基线与封包审计/固化6/机器结果/战斗调查器_特殊物品数据回归_固化6.json,14634,8e9ea5133893178237d4211ff271260acbf23dd486401d02b9c05a46695104e2,机器可读结论与断言
证据,01_版本基线与封包审计,固化6,机器结果,证据/01_版本基线与封包审计/固化6/机器结果/文档全量遍历审计_固化6.json,10319,616d8c66c79b046a86c845c24be35857fbdfbd8911710d7dc356319e8d0aae5f,机器可读结论与断言
证据,01_版本基线与封包审计,固化6,机器结果,证据/01_版本基线与封包审计/固化6/机器结果/永久能力物品writer映射_固化6.json,4463,3a3940492d4c20bb940560a29569e0cf041d4854b24f0a6290a47fe12adb1ae2,机器可读结论与断言
证据,01_版本基线与封包审计,固化6,机器结果,证据/01_版本基线与封包审计/固化6/机器结果/阶段里程碑状态_v0.7D阶段中固化6.json,1495,7b14feb07247983127a4eb279f36b5d4501ba8e9380b516bae18b9ff473ae918,机器可读结论与断言
证据,01_版本基线与封包审计,固化6,表格明细,证据/01_版本基线与封包审计/固化6/表格明细/已知Oracle地址索引_v0.7D阶段中固化6.csv,1222,e20ff9aa6ce0bee5a174bc57ddae06b66782343efcabb846b2f2523c19afb120,逐项筛选和人工核对
证据,01_版本基线与封包审计,固化6,表格明细,证据/01_版本基线与封包审计/固化6/表格明细/永久能力物品writer映射_固化6.csv,1910,32bec14d3e6b7603ae5401a67e6aa82b97692b76624d5631a0dbdace66189398,逐项筛选和人工核对
证据,01_版本基线与封包审计,固化68,反汇编,证据/01_版本基线与封包审计/固化68/反汇编/原版_盘符与MultiMediaMov定位_多区间.asm,6614,5d502c8cca33284136f9af31b5f9df448af7dbd6f2845038a1047d864a23d8d4,近原始机器码与控制流证据
证据,01_版本基线与封包审计,固化7,机器结果,证据/01_版本基线与封包审计/固化7/机器结果/code12延迟事件恢复桥_固化7.json,1755,c8a52890b9c2ac1d96a7342a030943bf80682864b08825492ec9c1ba99afc577,机器可读结论与断言
证据,01_版本基线与封包审计,固化7,机器结果,证据/01_版本基线与封包审计/固化7/机器结果/文档全量遍历审计_固化7.json,6696,1fc34cad54fcc9f3ce3dcd7f8cdcdedc4838c9e7370d904be2f44b7cb9103e1b,机器可读结论与断言
证据,01_版本基线与封包审计,固化7,机器结果,证据/01_版本基线与封包审计/固化7/机器结果/阶段里程碑状态_v0.7D阶段中固化7.json,801,23e4510a1e8449410277144551442251bba950b0046b499cd97d39de058b315e,机器可读结论与断言
证据,01_版本基线与封包审计,固化7,表格明细,证据/01_版本基线与封包审计/固化7/表格明细/已知Oracle地址索引_v0.7D阶段中固化7.csv,1815,7767ea1732fb78ca826b0da9a28cb4b411e8abf16f997e8927bc9a526877890a,逐项筛选和人工核对
证据,01_版本基线与封包审计,固化8,机器结果,证据/01_版本基线与封包审计/固化8/机器结果/EVE_0x96当前样本扫描_固化8.json,221,30652e548ebe21a7a88da2b56ff45c8495f531dc3a7177a329fb1916085f950c,机器可读结论与断言
证据,01_版本基线与封包审计,固化8,机器结果,证据/01_版本基线与封包审计/固化8/机器结果/EVE_0x96当前样本覆盖与负向结果_固化8.json,1129,014b67af5fd502246168d5cf60e8ffd57ac3f46c1b29ac8d62ba5bd5ebd28a47,机器可读结论与断言
证据,01_版本基线与封包审计,固化8,机器结果,证据/01_版本基线与封包审计/固化8/机器结果/EVE事件延迟协议_RPG静态回归_固化8.json,6515,43e5c772162a704d2ae2a5b1b83e59c6292755e1fac40c09b4cbb991f32cb0d6,机器可读结论与断言
证据,01_版本基线与封包审计,固化8,机器结果,证据/01_版本基线与封包审计/固化8/机器结果/EVE延迟结果与恢复键双通道协议_固化8.json,3216,0dd01978fb5d78711af7f92419a2f6a5d6c3a9c8193cdf641d56889fd89adf21,机器可读结论与断言
证据,01_版本基线与封包审计,固化8,机器结果,证据/01_版本基线与封包审计/固化8/机器结果/延迟结果与恢复键全局引用_固化8.json,1585,7987d94b1b9d1842c422bc320d5706625bc4f885c5ca4315231ad471a281a49b,机器可读结论与断言
证据,01_版本基线与封包审计,固化8,机器结果,证据/01_版本基线与封包审计/固化8/机器结果/文档全量遍历审计_固化8.json,6543,c7f95e1372c60673b435ebdcb49b0005a0d21006001ed464983f5ccd9791c1d9,机器可读结论与断言
证据,01_版本基线与封包审计,固化8,机器结果,证据/01_版本基线与封包审计/固化8/机器结果/阶段里程碑状态_v0.7D阶段中固化8.json,1263,b21dc65607ce93b1565d05c7e70803e722b736c1462fb4b784ed72ee364ed39e,机器可读结论与断言
证据,01_版本基线与封包审计,固化8,表格明细,证据/01_版本基线与封包审计/固化8/表格明细/已知Oracle地址索引_v0.7D阶段中固化8.csv,2794,676ac1945ab58fe43941d2cb3ad195ac897d2562145593514532d89c36ce37b6,逐项筛选和人工核对
证据,01_版本基线与封包审计,固化9,机器结果,证据/01_版本基线与封包审计/固化9/机器结果/EVE_0x96当前样本扫描_固化9.json,221,9b7c49e8561d17f6167656cba7e06cb17227230fbf018a6299092358f112d47e,机器可读结论与断言
证据,01_版本基线与封包审计,固化9,机器结果,证据/01_版本基线与封包审计/固化9/机器结果/EVE事件ID与当前文件槽映射_固化9.json,1262,f443f71c94683d4ff92a5d46daa6493028c1df729eb90f80f135314b261a7bf4,机器可读结论与断言
证据,01_版本基线与封包审计,固化9,机器结果,证据/01_版本基线与封包审计/固化9/机器结果/EVE事件延迟协议_RPG静态回归_固化9.json,11609,53f8aac73c500e7638f2d66c846b50a90b76d3fca75ebc9446a0c40631fd5ac8,机器可读结论与断言
证据,01_版本基线与封包审计,固化9,机器结果,证据/01_版本基线与封包审计/固化9/机器结果/EVE延迟结果恢复键与Event槽生命周期_固化9.json,1407,bb83c773a3df636bd1d4b95ce9e57bd95657ff03caa2e7e81752a2cddbdbe00a,机器可读结论与断言
证据,01_版本基线与封包审计,固化9,机器结果,证据/01_版本基线与封包审计/固化9/机器结果/EVE当前样本覆盖边界_固化9.json,705,7a33200d8efcb2e7571e85ccfd4d3edc5bc8cc896955c9727b94d7eeea456706,机器可读结论与断言
证据,01_版本基线与封包审计,固化9,机器结果,证据/01_版本基线与封包审计/固化9/机器结果/世界动作code12_fallback条件复核_固化9.json,1021,5186abc7f4b116ef7264dab9ec881ebe3bb5543c0ac492e4983eb7e8653ec0d4,机器可读结论与断言
证据,01_版本基线与封包审计,固化9,机器结果,证据/01_版本基线与封包审计/固化9/机器结果/保存事件输入失效链_固化9.json,1939,7d7a48d1c2d4396c57990e1be083309e0baca98e32bbdf854b30fe58c6bce728,机器可读结论与断言
证据,01_版本基线与封包审计,固化9,机器结果,证据/01_版本基线与封包审计/固化9/机器结果/文档全量遍历审计_固化9.json,4917,5333c84e3703ac36f3e7e20f93777228296d9c91f7ad659a069ef516f750676a,机器可读结论与断言
证据,01_版本基线与封包审计,固化9,机器结果,证据/01_版本基线与封包审计/固化9/机器结果/阶段里程碑状态_v0.7D阶段中固化9.json,1342,19be1425d038684d529a93cd49154d5013c7c0810aeab7a738caba81307a631a,机器可读结论与断言
证据,01_版本基线与封包审计,固化9,表格明细,证据/01_版本基线与封包审计/固化9/表格明细/已知Oracle地址索引_v0.7D阶段中固化9.csv,3509,3fc680a09b42b6c96004b501ae196d989543134bb04b2ca5b66f2e92aa5af43f,逐项筛选和人工核对
证据,01_版本基线与封包审计,基础阶段,机器结果,证据/01_版本基线与封包审计/基础阶段/机器结果/历史恢复点说明.json,265,422af2b3d1ade183b801b9e56c840023625555d7f7302646300bf42c316486d6,机器可读结论与断言
证据,01_版本基线与封包审计,基础阶段,机器结果,证据/01_版本基线与封包审计/基础阶段/机器结果/恢复点_v0.7D原工作区文件追索清单.json,1358,57d724f36a8593b3c1775d9920dfb2e2fa454ab0b1ed854971e751b6dbf585ce,机器可读结论与断言
证据,01_版本基线与封包审计,基础阶段,机器结果,证据/01_版本基线与封包审计/基础阶段/机器结果/恢复点_v0.7D恢复证据矩阵.json,1480,42e1a518aa733dc3563d73aad8eaa0d98fb5a9d76cc1dc06d2dbfd72e15d1198,机器可读结论与断言
证据,01_版本基线与封包审计,基础阶段,机器结果,证据/01_版本基线与封包审计/基础阶段/机器结果/数据与证据整理映射.json,22466,94b060aaa4485669c8d75409dc0e9d75accf9bc00530cde2b44ea5ed0c03978d,机器可读结论与断言
证据,01_版本基线与封包审计,基础阶段,机器结果,证据/01_版本基线与封包审计/基础阶段/机器结果/证据来源.json,1317,69ea93aadd314624d336bdb40fdf83498174281de30bb43a7e4b239aa5bc6e49,机器可读结论与断言
证据,03_事件与脚本系统,固化22,反汇编,证据/03_事件与脚本系统/固化22/反汇编/EVE实体动作范围一次性覆盖_0x40C7E0.asm,2839,40fe63e135bb46b5846e76efbb22f118091918c5efe42417ec5da6e20660688f,近原始机器码与控制流证据
证据,03_事件与脚本系统,固化22,反汇编,证据/03_事件与脚本系统/固化22/反汇编/EVE接近触发实体一次性覆盖_0x40F070.asm,3653,39d83fdf8632749e245c053c5e5a18e20b6f1599513026d54e70c61f281282e4,近原始机器码与控制流证据
证据,03_事件与脚本系统,固化22,反汇编,证据/03_事件与脚本系统/固化22/反汇编/事件变量999随机_0x40F620.asm,2072,db05fd77bcd145a069158bb6d174c509322f7a26d2abe585bb4aee0e7dc981af,近原始机器码与控制流证据
证据,03_事件与脚本系统,固化23,反汇编,证据/03_事件与脚本系统/固化23/反汇编/EVE近接触发写入实体EA并清EB_0040F090-0040F16F.asm,3662,c16b04ca92c2c27d201e2ce4bc6e76ac4b25db6c95603a0e8a02e5b6b253b489,近原始机器码与控制流证据
证据,03_事件与脚本系统,固化23,反汇编,证据/03_事件与脚本系统/固化23/反汇编/实体主动交互事件EB启动链_00409860-00409A4F.asm,8808,9f7bbee25a1d6840464cee37d813318164e6b2718259da5386a1bf525fca46db,近原始机器码与控制流证据
证据,03_事件与脚本系统,固化23,反汇编,证据/03_事件与脚本系统/固化23/反汇编/实体交互事件EB朝向与行为恢复链_0040A2B0-0040A42F.asm,6698,6c089398a210521f996bbd77e6416f7293e1b95b4b68bb6884aa7afe0537aa29,近原始机器码与控制流证据
证据,03_事件与脚本系统,固化23,反汇编,证据/03_事件与脚本系统/固化23/反汇编/实体接触触发事件EA消费者_00409A50-00409B4F.asm,5556,130d64b28e5ce0050108c60bcd14610dcb83ffeacc3eeca9a4580b31ab0f08c7,近原始机器码与控制流证据
证据,03_事件与脚本系统,固化7,反汇编,证据/03_事件与脚本系统/固化7/反汇编/EVE_0x96保存延迟事件三元组_0040F3E0.asm,1094,ed40fcf0268a6e7306024edb4962701f4b6bb5c20b55d3e100cdf92b3b902479,近原始机器码与控制流证据
证据,03_事件与脚本系统,固化7,反汇编,证据/03_事件与脚本系统/固化7/反汇编/世界动作code12恢复延迟事件_0040CE97.asm,1653,996d88db40ab54975d5f6cfee17129073a781fe25c3da39b06d7521a8f79d977,近原始机器码与控制流证据
证据,03_事件与脚本系统,固化7,反汇编,证据/03_事件与脚本系统/固化7/反汇编/事件恢复与当前事件清理_0040B230_0040B340.asm,8019,f0bb71c91ca0e73e21057ba0c16e8ef72a23c9afa1e207106754a23561a08e51,近原始机器码与控制流证据
证据,03_事件与脚本系统,固化8,反汇编,证据/03_事件与脚本系统/固化8/反汇编/EVE_0x35世界物品异步结果通道_0040CBF0-0040D088.asm,16247,cbbaaaa8676eb3901f74f0377c6c36fa704b56860e14b81dcd891f7d9b7ad158,近原始机器码与控制流证据
证据,03_事件与脚本系统,固化8,反汇编,证据/03_事件与脚本系统/固化8/反汇编/EVE_0x94_0x95_0x96延迟结果与恢复键协议_0040F2F0-0040F424.asm,5117,13e7ab267d1d812b696a26ac110bf646d23843f1720ef8b9ea579c8f0e8294d1,近原始机器码与控制流证据
证据,03_事件与脚本系统,固化8,反汇编,证据/03_事件与脚本系统/固化8/反汇编/Event激活清理与执行循环_0040B230-0040B3C0.asm,6507,4bd2370d48d1cf4695e45761f1c23f9250bc504af6e70512ab6caa818fbb66ce,近原始机器码与控制流证据
证据,03_事件与脚本系统,固化8,反汇编,证据/03_事件与脚本系统/固化8/反汇编/世界动作code11_code12恢复键与fallback_0040CE23-0040CF20.asm,3426,da67b596a88eab3a010f06bf82e42cd380c6c1dce92c89a105c5456fd6aeb503,近原始机器码与控制流证据
证据,03_事件与脚本系统,固化8,反汇编,证据/03_事件与脚本系统/固化8/反汇编/延迟保存Event失效清理入口_00408C40-00408CC5.asm,2168,ba02a57c9c5c85263b11f3d9e879c052af1a2d98a37f92e9436ec577e509313e,近原始机器码与控制流证据
证据,03_事件与脚本系统,固化9,反汇编,证据/03_事件与脚本系统/固化9/反汇编/EVE缓冲与EventID槽寻址_0040B1C0-0040B3A0.asm,7838,936e9e55b03ca6ec384e70d4d61a9cfc4f41e77ff7df14ac520629ad72cccfeb,近原始机器码与控制流证据
证据,03_事件与脚本系统,固化9,反汇编,证据/03_事件与脚本系统/固化9/反汇编/世界动作code12恢复与fallback复核_0040CE97-0040CF24.asm,1993,81e332da230bbd860c633f9dcc1817cf6a19379bcee983524077148a61060f16,近原始机器码与控制流证据
证据,03_事件与脚本系统,固化9,反汇编,证据/03_事件与脚本系统/固化9/反汇编/世界物品状态机常量寄存器初始化_0040CBF0-0040CC70.asm,1975,1dd72d6cfdc3a0d38b1a9566c674ab3d5b9b559095599be03d3c8704c9374bdc,近原始机器码与控制流证据
证据,03_事件与脚本系统,固化9,反汇编,证据/03_事件与脚本系统/固化9/反汇编/保存事件输入失效上层门控调用_00409580-00409620.asm,2717,6a0af2c8cdb92311e7cc819b0c2447aadad967d7443e76736e7ea91f94cb036d,近原始机器码与控制流证据
证据,03_事件与脚本系统,固化9,反汇编,证据/03_事件与脚本系统/固化9/反汇编/保存事件输入失效与导航输入合成_00408830-00408CC8.asm,20657,bf8b7b1c00eb57a0d4613a7a124c649c996b0f60bb3938e9dc9f192d94cd7843,近原始机器码与控制流证据
证据,03_事件与脚本系统,固化9,文本摘录,证据/03_事件与脚本系统/固化9/文本摘录/输入相关Win32导入表.txt,155,cfa18c304e914b3638a95db22437dd02361ef76b0048962fef24e410c1af7262,字符串与人工摘录
证据,04_场景实体界面与存档,固化10,反汇编,证据/04_场景实体界面与存档/固化10/反汇编/DataCenter加108独立写入路径_0040D6F9-0040D724.asm,661,acd3ecd2cd279683e5dee13e8b0db0808bc104f756df276cc55380b21f83640b,近原始机器码与控制流证据
证据,04_场景实体界面与存档,固化10,反汇编,证据/04_场景实体界面与存档/固化10/反汇编/DataCenter加108界面消费者A_00434B06-00434B34.asm,882,fd1a6adf034c3d66a164a96d97ee0c40686fb8e51d3d64d90094fac40b9831c7,近原始机器码与控制流证据
证据,04_场景实体界面与存档,固化10,反汇编,证据/04_场景实体界面与存档/固化10/反汇编/DataCenter加108界面消费者B_00435C5B-00435C7A.asm,618,6e6c48a1e7b93ca8c49faf82103438379c1bffeedd20520f73867ee5917f1e12,近原始机器码与控制流证据
证据,04_场景实体界面与存档,固化10,反汇编,证据/04_场景实体界面与存档/固化10/反汇编/MapSCI加380到DataCenter加108结构链_0040CC55-0040CCDC.asm,1916,71b5639f55d270334f2a6517b52a8b24f44e4f7443fc26222e411ef216b3cbee,近原始机器码与控制流证据
证据,04_场景实体界面与存档,固化10,反汇编,证据/04_场景实体界面与存档/固化10/反汇编/MapSCI加载器与0x473源记录到0x38运行条目映射_0040AC00-0040ACD2.asm,3841,17ca0f224bf3366541bdc0506bf11173f3fea9fe8b22c550a7ecbed8549c68ed,近原始机器码与控制流证据
证据,04_场景实体界面与存档,固化10,反汇编,证据/04_场景实体界面与存档/固化10/反汇编/MapSCI尾字段访问器_加380_加384_0040A0C0-0040A0D9.asm,675,341bf614d3afde4a99484521611fa42229cf2c5dc43ff54cac943564efd220bf,近原始机器码与控制流证据
证据,04_场景实体界面与存档,固化10,反汇编,证据/04_场景实体界面与存档/固化10/反汇编/MapSCI运行容器上层更新器_0040B150-0040B1BC.asm,1664,a6f2da513489b102821a4c612a4a9d851b737a25c3dbff03b7cd7256cd9ff02d,近原始机器码与控制流证据
证据,04_场景实体界面与存档,固化10,反汇编,证据/04_场景实体界面与存档/固化10/反汇编/MapSCI运行容器选中条目与首条目访问_0040ADA0-0040AE74.asm,5250,076c4c550cae87a273534a0b331e9b1c060b2e3b1cce4aeaf3d9e57e47809964,近原始机器码与控制流证据
证据,04_场景实体界面与存档,固化10,反汇编,证据/04_场景实体界面与存档/固化10/反汇编/MapSCI运行条目绑定源记录指针_00408E80-00408EDB.asm,1496,b5267d7bc0930c8459d369e89dc4dcaf0cb6584e4fb47fb06d08c916b0cabafe,近原始机器码与控制流证据
证据,04_场景实体界面与存档,固化10,反汇编,证据/04_场景实体界面与存档/固化10/反汇编/code12延迟恢复与MapSCI加384场景门控_0040CE97-0040CF24.asm,1996,78ec931cdb1aa7a8803a072a5117e2c945043a4844e3d8827a1e8fe19f74c704,近原始机器码与控制流证据
证据,04_场景实体界面与存档,固化10,反汇编,证据/04_场景实体界面与存档/固化10/反汇编/同偏移加384不同对象类型反例_00433C50-00433FA0.asm,13314,3d128fa0866a87c3cbb6a45eabb4ce82c1f3dffa8cd00bd5ff3b899815110e13,近原始机器码与控制流证据
证据,04_场景实体界面与存档,固化10,反汇编,证据/04_场景实体界面与存档/固化10/反汇编/选中MapSCI运行条目活动更新与savedEvent失效_00409500-00409620.asm,5258,7b67b41c6e6f1ab301dfb2d57a8c2dcad52d0fae5788bf246c25592b1f2863ec,近原始机器码与控制流证据
证据,04_场景实体界面与存档,固化10,文本摘录,证据/04_场景实体界面与存档/固化10/文本摘录/MapSCI默认路径字符串与调用引用.txt,349,53d0223e2d93e077c450cf11e61b46e4cefac968074a1ab97bf0f34efd819654,字符串与人工摘录
证据,04_场景实体界面与存档,固化11,反汇编,证据/04_场景实体界面与存档/固化11/反汇编/DataCenter加108清零路径_0040D510-0040D724.asm,7464,2c420bd4402ad9f8c4089e85c961ed556d3c5e2c5ea962e92acd00582642f23a,近原始机器码与控制流证据
证据,04_场景实体界面与存档,固化11,反汇编,证据/04_场景实体界面与存档/固化11/反汇编/Interface初始化与MEN0009门控_00434920-00434B34.asm,8413,d62df986e12b06ec136bbe9b0793857c176ac6c117d69ab6afaa1d850a2e3e45,近原始机器码与控制流证据
证据,04_场景实体界面与存档,固化11,反汇编,证据/04_场景实体界面与存档/固化11/反汇编/Interface状态7与天書存档入口分派_00435B80-00435DF2.asm,7732,dd4a5da0be9b6899e8d1061854dc496df0df25ed85daab70c35b26e167e3145e,近原始机器码与控制流证据
证据,04_场景实体界面与存档,固化11,反汇编,证据/04_场景实体界面与存档/固化11/反汇编/Interface状态7对象与存档子系统绑定_00434E40-00434EA2.asm,1740,ad40a558cbbbf5dd48447225610f766caa05f4e760654bd08f7fe57dd2ffd724,近原始机器码与控制流证据
证据,04_场景实体界面与存档,固化11,反汇编,证据/04_场景实体界面与存档/固化11/反汇编/存档TSF文件名构造_00425760-004257E0.asm,2163,608e78b172d9a6e490bb03223163d69b0d90bc12419f257dd109a2dab499fcd6,近原始机器码与控制流证据
证据,04_场景实体界面与存档,固化11,反汇编,证据/04_场景实体界面与存档/固化11/反汇编/存档菜单子系统构造_004245B0-00424920.asm,12334,5906efa79e3c551a94b65d58a1a5db833fbc2eb1d8e1fc77d4d2245a6d5dae55,近原始机器码与控制流证据
证据,04_场景实体界面与存档,固化11,文本摘录,证据/04_场景实体界面与存档/固化11/文本摘录/固化11关键字符串证据.txt,278,f5a18a44d02a6b9c8857ccba784bb3e423118f2c0b272efa64ce6c2ece5598cd,字符串与人工摘录
证据,04_场景实体界面与存档,固化12,原始资源样本,证据/04_场景实体界面与存档/固化12/原始资源样本/MEN0009_从MenusDir重新提取.SF2,45539,eaf2ee79bf9adbba58346178063b3a4822391148f40f4f1dabc5d6229ebfe260,保持原字节的复核输入
证据,04_场景实体界面与存档,固化12,原始资源样本,证据/04_场景实体界面与存档/固化12/原始资源样本/MEN9001_从MenusDir重新提取.SF2,1611637,cb63c915098a4bdcea6793b3841a9cececaf836a1f1a131637211ed4b9bf7f84,保持原字节的复核输入
证据,04_场景实体界面与存档,固化12,原始资源样本,证据/04_场景实体界面与存档/固化12/原始资源样本/MEN9002_从MenusDir重新提取.SF2,39772,e3ee31f14f4fccacbea086a660c68a9ababeebb6eda0763ba186601dcafca0f3,保持原字节的复核输入
证据,04_场景实体界面与存档,固化12,反汇编,证据/04_场景实体界面与存档/固化12/反汇编/Interface与MEN0009条件覆盖层_00434920-00434B34.asm,8213,2c90accfdeefd044f423471cb0a7a3b92d8acc1518154c8d7a35947d08320c47,近原始机器码与控制流证据
证据,04_场景实体界面与存档,固化12,反汇编,证据/04_场景实体界面与存档/固化12/反汇编/opcode35正常Interface存档门控_0040CBF0-0040CD20.asm,4310,f49cd15cf876ebb1a9747bef8b0db58a02fb01ce25c027fd5572c8b29fe8e283,近原始机器码与控制流证据
证据,04_场景实体界面与存档,固化12,反汇编,证据/04_场景实体界面与存档/固化12/反汇编/opcode39休整状态机与存档强制开放_0040D510-0040D775.asm,8462,9fb2afc47a5e6f42be42806f04780be33a29699ef849853e4856e6e56ddae01e,近原始机器码与控制流证据
证据,04_场景实体界面与存档,固化12,反汇编,证据/04_场景实体界面与存档/固化12/反汇编/休整界面三项分派与全队恢复_00413570-00413B00.asm,21234,a7b253d5f26c6395d48d5a2405d9094f2f550562a75a73de612ca5d1b1131b5b,近原始机器码与控制流证据
证据,04_场景实体界面与存档,固化12,反汇编,证据/04_场景实体界面与存档/固化12/反汇编/炼化子系统构造与Refine数据库_0040F6D0-0040FA72.asm,13715,2f3e3aa402bbece52ae6bd71dac21e83fc4b9bcdebd6501c71af17750768dc5a,近原始机器码与控制流证据
证据,04_场景实体界面与存档,固化12,图像证据,证据/04_场景实体界面与存档/固化12/图像证据/MEN0009_Interface标签条.png,3924,06b9de1f5b5011316e268ff125e7988ca13107111eba06f5704b14d1aadd8ecf,资源重建或界面对照
证据,04_场景实体界面与存档,固化12,图像证据,证据/04_场景实体界面与存档/固化12/图像证据/MEN9001_休整室内场景.png,154849,d8bb12bdcbcfc0a109b9b95fcb3de983c747860869f28cb018564bc3d1e2275f,资源重建或界面对照
证据,04_场景实体界面与存档,固化12,图像证据,证据/04_场景实体界面与存档/固化12/图像证据/MEN9002_歇息高亮.png,9502,5c54e9d7abebdd4aa04a555de4294c4144121232fe1928479a804bd9bf60e732,资源重建或界面对照
证据,04_场景实体界面与存档,固化12,图像证据,证据/04_场景实体界面与存档/固化12/图像证据/MEN9002_炼化高亮.png,9499,8b502ed297e7b31980d477da947b45f5ad91bdff0dc0687b7d77df09ab7b4d0a,资源重建或界面对照
证据,04_场景实体界面与存档,固化12,图像证据,证据/04_场景实体界面与存档/固化12/图像证据/MEN9002_调态高亮.png,9549,f7a4ae9d146562d218599a135ec3bdb31cff76efd42fcc431366418cafc9c35a,资源重建或界面对照
证据,04_场景实体界面与存档,固化13,反汇编,证据/04_场景实体界面与存档/固化13/反汇编/MEN9001控制器Section0计数与索引夹紧_0x43E460-0x43E73F.asm,14729,7b3798c15dade555e47c4a5e2c47611c13187f830109cdb77795cae6c73a2385,近原始机器码与控制流证据
证据,04_场景实体界面与存档,固化13,反汇编,证据/04_场景实体界面与存档/固化13/反汇编/MEN9001渲染路径传递Section0索引_0x43EDC0-0x43EE0F.asm,1357,649cbe0e2435f2a02e431755ee53c69765821d505b4e874439540c49cec4a7d2,近原始机器码与控制流证据
证据,04_场景实体界面与存档,固化13,反汇编,证据/04_场景实体界面与存档/固化13/反汇编/SF2解析器Section0索引边界与记录选择_0x428CB0-0x428ECF.asm,10494,8d8ee0e3af16ba4497e98751f8f5e6151a18dcf02a8ab4a5817c99c3234e8dd3,近原始机器码与控制流证据
证据,04_场景实体界面与存档,固化13,反汇编,证据/04_场景实体界面与存档/固化13/反汇编/opcode39参数到DataCenter中转_0x40D6CF-0x40D71A.asm,1078,46ae2bbf1b4ccb82e219d8c3734fb71ceed3d5e54eead9149bf150f16c87be7a,近原始机器码与控制流证据
证据,04_场景实体界面与存档,固化13,反汇编,证据/04_场景实体界面与存档/固化13/反汇编/休整对象读取场景索引_0x413640-0x41367F.asm,1107,bf2db6746dbbf2caf4cc9887af9ae6db160dcfeb7205abc9977ba1a28a3d7085,近原始机器码与控制流证据
证据,04_场景实体界面与存档,固化13,图像证据,证据/04_场景实体界面与存档/固化13/图像证据/MEN9001_休整场景状态1.png,262827,8eaec02233a21c76045c5ad863d4e5a7dbc0e3eb923f2afe42ec280b97d53dc0,资源重建或界面对照
证据,04_场景实体界面与存档,固化13,图像证据,证据/04_场景实体界面与存档/固化13/图像证据/MEN9001_休整场景状态2.png,263498,a8d54be761dbfb046dd72307b41742da7e547f59c5c4b6845319b20b142eb03e,资源重建或界面对照
证据,04_场景实体界面与存档,固化13,图像证据,证据/04_场景实体界面与存档/固化13/图像证据/MEN9001_休整场景状态3.png,255419,448906201af1eaa0f4b8705db943f7a7217f5015f8a69945fdcc76e3914459b8,资源重建或界面对照
证据,04_场景实体界面与存档,固化14,原始资源样本,证据/04_场景实体界面与存档/固化14/原始资源样本/MEN0003_从MenusDir重新提取.SF2,32008,e0f1a7703d604473333a7bb136fbee9446e2e0d6a110fbf7027c31018f0f8808,保持原字节的复核输入
证据,04_场景实体界面与存档,固化14,原始资源样本,证据/04_场景实体界面与存档/固化14/原始资源样本/MEN8001_从MenusDir重新提取.SF2,767031,f3971d074c848898ed94091670c896af3f04842719d676301756f18f5a602d6c,保持原字节的复核输入
证据,04_场景实体界面与存档,固化14,原始资源样本,证据/04_场景实体界面与存档/固化14/原始资源样本/MEN8002_从MenusDir重新提取.SF2,42345,f4f4d945bc3ecc0f1fb909c57e79b054e9f0e8f938e5755e11c2d37ff204ef13,保持原字节的复核输入
证据,04_场景实体界面与存档,固化14,原始资源样本,证据/04_场景实体界面与存档/固化14/原始资源样本/MEN8003_从MenusDir重新提取.SF2,30781,e90e9e623736bc24678421c1b0c3323b1707a1d8ead54c50788fdeab24680e76,保持原字节的复核输入
证据,04_场景实体界面与存档,固化14,原始资源样本,证据/04_场景实体界面与存档/固化14/原始资源样本/MEN8004_从MenusDir重新提取.SF2,17718,9e1bd739e4a46b8bc7ddb8f478514a70930141f47ea086d47def4011ef9f78e8,保持原字节的复核输入
证据,04_场景实体界面与存档,固化14,原始资源样本,证据/04_场景实体界面与存档/固化14/原始资源样本/MEN8005_从MenusDir重新提取.SF2,17738,f2f5e804abce509b206ad8df7dcd592e41f1a56797f8ec141d356f11227c1b05,保持原字节的复核输入
证据,04_场景实体界面与存档,固化14,原始资源样本,证据/04_场景实体界面与存档/固化14/原始资源样本/MEN8007_从MenusDir重新提取.SF2,48141,e9d4484c1e108b836b2bdbc1794cbb67a8e8086eb9c121159e5b8cb00a2e4ffc,保持原字节的复核输入
证据,04_场景实体界面与存档,固化14,原始资源样本,证据/04_场景实体界面与存档/固化14/原始资源样本/MEN8008_从MenusDir重新提取.SF2,37915,0addb8c6456df52ea269cd20b1935d6135ed3d9b309a5592bb86589da0ae812c,保持原字节的复核输入
证据,04_场景实体界面与存档,固化14,反汇编,证据/04_场景实体界面与存档/固化14/反汇编/Interface天書state7门控与Section0索引映射_00435BAE-00435E10.asm,7458,b764eb8c763d891c58eaecee09e7dfb537bb00c9b2d9e171c55887e9546ffeba,近原始机器码与控制流证据
证据,04_场景实体界面与存档,固化14,反汇编,证据/04_场景实体界面与存档/固化14/反汇编/Interface导航对象MEN0003默认资源与九条目构造_00436F20-00437220.asm,12835,dc4b5f4abda871728ad5e5f15fd2b13b68effc9ff456ab659ceab560fbc0ee2b,近原始机器码与控制流证据
证据,04_场景实体界面与存档,固化14,反汇编,证据/04_场景实体界面与存档/固化14/反汇编/Interface导航对象构造与MEN0009条件替换_00434AE0-00434B34.asm,1370,5340d75117864eeaeceac1da64301d1a9afbf174cf5430d75cec7331b8f7aaf8,近原始机器码与控制流证据
证据,04_场景实体界面与存档,固化14,反汇编,证据/04_场景实体界面与存档/固化14/反汇编/SF2控制器替换前释放旧资源_0043E460-0043E5DF.asm,6869,7730399328cf0e36f0c808131d63a8de0816c53781eebfb28422801caac3d816,近原始机器码与控制流证据
证据,04_场景实体界面与存档,固化14,反汇编,证据/04_场景实体界面与存档/固化14/反汇编/天書存档子系统存档文件名构造_00425760-004257C0.asm,1319,bd532ed36371f9cd0cb61e0a413af41119db5fa4ed4fc99fb06043b6f9ad7cdb,近原始机器码与控制流证据
证据,04_场景实体界面与存档,固化14,反汇编,证据/04_场景实体界面与存档/固化14/反汇编/天書存档子系统构造与MEN800x资源_004245B0-004248A0.asm,10431,756f28a8ea91bcf6d7d17a2c0a8ab113b17b8ff50b99b4b2abb350c946a4d279,近原始机器码与控制流证据
证据,04_场景实体界面与存档,固化14,反汇编,证据/04_场景实体界面与存档/固化14/反汇编/通用界面SF2加载器写入同一控制器_004310E0-00431138.asm,1389,5273154fd02586018ec34cd299b8a8e01ec2d7549feb3e1aed48c6f18a9e259a,近原始机器码与控制流证据
证据,04_场景实体界面与存档,固化14,图像证据,证据/04_场景实体界面与存档/固化14/图像证据/MEN0003_MEN0009主标签条差异.png,1708,e671e270f47636379c7bbacefbb373d4f6f664086bdd46ea8ca4f113e830d2ce,资源重建或界面对照
证据,04_场景实体界面与存档,固化14,图像证据,证据/04_场景实体界面与存档/固化14/图像证据/MEN0003_从MenusDir重新提取_Section1_0000.png,401,d66120a9c97018648b38dacca3a108e094c3507399159eb06b821f67e41279d9,资源重建或界面对照
证据,04_场景实体界面与存档,固化14,图像证据,证据/04_场景实体界面与存档/固化14/图像证据/MEN0003_从MenusDir重新提取_Section1_0001.png,3754,4ca8f95aa5d056fadbc951c52ced6d5c13f51a3be359f755f8d2316105f2f48d,资源重建或界面对照
证据,04_场景实体界面与存档,固化14,图像证据,证据/04_场景实体界面与存档/固化14/图像证据/MEN0003_从MenusDir重新提取_Section1_0002.png,1432,5e314212de436b33d6269ab92405628088ebb09e8d113f4729797160f6d9e87f,资源重建或界面对照
证据,04_场景实体界面与存档,固化14,图像证据,证据/04_场景实体界面与存档/固化14/图像证据/MEN0003_从MenusDir重新提取_Section1_0003.png,1399,7a74aacef82562cc216d6803594ec1c43d2f53a8bf3c564a8a68a26dd154ac6a,资源重建或界面对照
证据,04_场景实体界面与存档,固化14,图像证据,证据/04_场景实体界面与存档/固化14/图像证据/MEN0003_从MenusDir重新提取_Section1_0004.png,1402,526c1e64676127a4dcf38a1966487fec345e11614d9719b8ea6cd31adff07ecb,资源重建或界面对照
证据,04_场景实体界面与存档,固化14,图像证据,证据/04_场景实体界面与存档/固化14/图像证据/MEN0003_从MenusDir重新提取_Section1_0005.png,1324,b8b2b29f36914ff0dd278f4c456f30ef840c8ed8e6db22dd9decabb57ffe7e83,资源重建或界面对照
证据,04_场景实体界面与存档,固化14,图像证据,证据/04_场景实体界面与存档/固化14/图像证据/MEN0003_从MenusDir重新提取_Section1_0006.png,1224,649d6a0e373d2e109fff71f1d9f6baef27c895869d894c75bfc0dc8ea1ec34d1,资源重建或界面对照
证据,04_场景实体界面与存档,固化14,图像证据,证据/04_场景实体界面与存档/固化14/图像证据/MEN0003_从MenusDir重新提取_Section1_0007.png,1355,70353bb458cba29878fca2145ea31efdfd93ff1886dc2db8cb8bf869994ea687,资源重建或界面对照
证据,04_场景实体界面与存档,固化14,图像证据,证据/04_场景实体界面与存档/固化14/图像证据/MEN0003_从MenusDir重新提取_Section1_0008.png,1309,0be31b89eaf104d7e8e5a1d309854442b532777344b8f76ef06d7a99891171bf,资源重建或界面对照
证据,04_场景实体界面与存档,固化14,图像证据,证据/04_场景实体界面与存档/固化14/图像证据/MEN0003_从MenusDir重新提取_Section1_0009.png,468,51d3fc3c369023053f7641a6f2161dba496b0a748cd118b1c76b88fe16b15fcd,资源重建或界面对照
证据,04_场景实体界面与存档,固化14,图像证据,证据/04_场景实体界面与存档/固化14/图像证据/MEN0003_从MenusDir重新提取_Section1_0010.png,1384,6cac7b42870fe85fb7ec9028fb2f514cb08560d203a98d6c2578624d62ac2afe,资源重建或界面对照
证据,04_场景实体界面与存档,固化14,图像证据,证据/04_场景实体界面与存档/固化14/图像证据/MEN0003_小图对比.png,15381,61296e581f46a41905fbb622ce46c799927466532d3bc51e3ce2cd2342b55634,资源重建或界面对照
证据,04_场景实体界面与存档,固化14,图像证据,证据/04_场景实体界面与存档/固化14/图像证据/MEN0009_小图对比.png,13611,319130b38cb7892ff3be75907570c91a1b589987dd5f427b379543963aafe1b9,资源重建或界面对照
证据,04_场景实体界面与存档,固化14,图像证据,证据/04_场景实体界面与存档/固化14/图像证据/MEN8001_Section1概览.png,30467,a6c72caf62cde82d927e4a248663c2bd6fb533c09e206e3c053224b9f34ae4fc,资源重建或界面对照
证据,04_场景实体界面与存档,固化14,图像证据,证据/04_场景实体界面与存档/固化14/图像证据/MEN8001_从MenusDir重新提取_Section1_0000.png,14987,f80993e2d71bd5149be2f225ea3cf367c8b2412b3a7b859f103b2bb7e200ed8b,资源重建或界面对照
证据,04_场景实体界面与存档,固化14,图像证据,证据/04_场景实体界面与存档/固化14/图像证据/MEN8001_从MenusDir重新提取_Section1_0001.png,14100,25be92a91242a4b4684c795d2097f3acd3807bdf31ca4051d71477f2df32502e,资源重建或界面对照
证据,04_场景实体界面与存档,固化14,图像证据,证据/04_场景实体界面与存档/固化14/图像证据/MEN8001_从MenusDir重新提取_Section1_0002.png,262428,0b079f9490867eef27f002ed8f705839539b5d1e5a991153fde78a2f5f6f69cc,资源重建或界面对照
证据,04_场景实体界面与存档,固化14,图像证据,证据/04_场景实体界面与存档/固化14/图像证据/MEN8002_Section1概览.png,22138,28f5e55df9cb5e1e49e4a68171fa57227eb60d72a4ca1c5667d8f0f116917499,资源重建或界面对照
证据,04_场景实体界面与存档,固化14,图像证据,证据/04_场景实体界面与存档/固化14/图像证据/MEN8002_从MenusDir重新提取_Section1_0000.png,10383,cb7b876b6507f78dae830d2748dd9c848144873a6ed5ff428c0bab7234ac51b7,资源重建或界面对照
证据,04_场景实体界面与存档,固化14,图像证据,证据/04_场景实体界面与存档/固化14/图像证据/MEN8002_从MenusDir重新提取_Section1_0001.png,10679,fdd48324604991fa517bdb51b48b6f512b27244e913687270c74d019ced55f74,资源重建或界面对照
证据,04_场景实体界面与存档,固化14,图像证据,证据/04_场景实体界面与存档/固化14/图像证据/MEN8002_从MenusDir重新提取_Section1_0002.png,10438,453b833c8f7997c1ff3efc1aa5e9dc86d330bb476d0e50f464d32ca8d48246b6,资源重建或界面对照
证据,04_场景实体界面与存档,固化14,图像证据,证据/04_场景实体界面与存档/固化14/图像证据/MEN8003_Section1概览.png,22054,8ce14f739fdc3b8ae08a770d8f302dccc5415a1acccca825665c6aeb42f42a18,资源重建或界面对照
证据,04_场景实体界面与存档,固化14,图像证据,证据/04_场景实体界面与存档/固化14/图像证据/MEN8003_从MenusDir重新提取_Section1_0000.png,7544,fb09dfbb0c31b4db6b88934686768048330277015eb42643626e6b6a544bc3c6,资源重建或界面对照
证据,04_场景实体界面与存档,固化14,图像证据,证据/04_场景实体界面与存档/固化14/图像证据/MEN8003_从MenusDir重新提取_Section1_0001.png,7580,5b0942383a09276628f9c1bcb99237ce9f571b742b9ab57cbb74176d5eb514fc,资源重建或界面对照
证据,04_场景实体界面与存档,固化14,图像证据,证据/04_场景实体界面与存档/固化14/图像证据/MEN8004_Section1对比.png,1828,8b599da4cd63a3fd55af20421611368ed68ada1dd1c9b12f76e5846e65f6f8bf,资源重建或界面对照
证据,04_场景实体界面与存档,固化14,图像证据,证据/04_场景实体界面与存档/固化14/图像证据/MEN8004_Section1概览.png,1676,eaeb73ba75d179c8953e91f72536a4db3dfad9c00f3917b19d5040a1030d6e12,资源重建或界面对照
证据,04_场景实体界面与存档,固化14,图像证据,证据/04_场景实体界面与存档/固化14/图像证据/MEN8004_从MenusDir重新提取_Section1_0000.png,414,0e7a645d85b299cdfa3da895b01e7b6b48b7e2fef6fd083e504086fc31558af3,资源重建或界面对照
证据,04_场景实体界面与存档,固化14,图像证据,证据/04_场景实体界面与存档/固化14/图像证据/MEN8004_从MenusDir重新提取_Section1_0001.png,123,2eb177b1a4f725c16f30a6c276800d9fd2d37eb9cf4e27e01122e569cace8f2f,资源重建或界面对照
证据,04_场景实体界面与存档,固化14,图像证据,证据/04_场景实体界面与存档/固化14/图像证据/MEN8005_Section1对比.png,1873,a5ff98deb194a58dd76bf4c8718e011d629601b17809b6d6add8523bb728572e,资源重建或界面对照
证据,04_场景实体界面与存档,固化14,图像证据,证据/04_场景实体界面与存档/固化14/图像证据/MEN8005_Section1概览.png,1695,d338890127be09c80dc044f2114c1bab7591b11bc5b9300101968c122aaa4335,资源重建或界面对照
证据,04_场景实体界面与存档,固化14,图像证据,证据/04_场景实体界面与存档/固化14/图像证据/MEN8005_从MenusDir重新提取_Section1_0000.png,409,99c39f69eb1d35081685a57c51d79516167a11ebc088ee7bfe3597c0e02aac27,资源重建或界面对照
证据,04_场景实体界面与存档,固化14,图像证据,证据/04_场景实体界面与存档/固化14/图像证据/MEN8005_从MenusDir重新提取_Section1_0001.png,151,8f706762f9c2109423dae969dec04d98e49773e0dfcea238d62efce553e3b17e,资源重建或界面对照
证据,04_场景实体界面与存档,固化14,图像证据,证据/04_场景实体界面与存档/固化14/图像证据/MEN8007_Section1概览.png,42800,5822f8e7a63bd1026a42dd6431709fad920c37cb030f5288f36ace095ffcae25,资源重建或界面对照
证据,04_场景实体界面与存档,固化14,图像证据,证据/04_场景实体界面与存档/固化14/图像证据/MEN8007_从MenusDir重新提取_Section1_0000.png,3376,db871219fa3d476200eb89c113090075f8f079831cf637982c28a000e0fe4a84,资源重建或界面对照
证据,04_场景实体界面与存档,固化14,图像证据,证据/04_场景实体界面与存档/固化14/图像证据/MEN8007_从MenusDir重新提取_Section1_0001.png,3336,e2c3a745b0479a8d684d2b85316c19c95f956a6babb348be1db87e618ef61421,资源重建或界面对照
证据,04_场景实体界面与存档,固化14,图像证据,证据/04_场景实体界面与存档/固化14/图像证据/MEN8007_从MenusDir重新提取_Section1_0002.png,2608,3b72e17c91454dcae72d11eb980118394d2ee857d920276911d6a68001c0c9d3,资源重建或界面对照
证据,04_场景实体界面与存档,固化14,图像证据,证据/04_场景实体界面与存档/固化14/图像证据/MEN8007_从MenusDir重新提取_Section1_0003.png,2946,0055d2531c742a53c6cb023a65ebcb94dfdbbc6148d8c05b9282083111891443,资源重建或界面对照
证据,04_场景实体界面与存档,固化14,图像证据,证据/04_场景实体界面与存档/固化14/图像证据/MEN8007_从MenusDir重新提取_Section1_0004.png,3377,a13e8e45b568f1c8279803addde852d89df20a0a199b0d265648278c12a0e4e0,资源重建或界面对照
证据,04_场景实体界面与存档,固化14,图像证据,证据/04_场景实体界面与存档/固化14/图像证据/MEN8007_从MenusDir重新提取_Section1_0005.png,3051,48067665b57a3215944073e9d575cd51913c9c2200955ce156b4496e3891f7bd,资源重建或界面对照
证据,04_场景实体界面与存档,固化14,图像证据,证据/04_场景实体界面与存档/固化14/图像证据/MEN8007_从MenusDir重新提取_Section1_0006.png,3210,0cdc224f376d3b5498fda992476929fb3fe784eb85f0ac79d73ef27d4bbda2d5,资源重建或界面对照
证据,04_场景实体界面与存档,固化14,图像证据,证据/04_场景实体界面与存档/固化14/图像证据/MEN8008_Section1概览.png,12193,d5c8472a0f3990b15775d029bee7797effa6768e4640e641461193f06c070a60,资源重建或界面对照
证据,04_场景实体界面与存档,固化14,图像证据,证据/04_场景实体界面与存档/固化14/图像证据/MEN8008_从MenusDir重新提取_Section1_0000.png,6041,b1e8d3a6f05e17a018e10834fca56b600596714cdef7bf04e8ea68a9e6eb8308,资源重建或界面对照
证据,04_场景实体界面与存档,固化14,图像证据,证据/04_场景实体界面与存档/固化14/图像证据/MEN8008_从MenusDir重新提取_Section1_0001.png,4086,32450e6f76aa5c7df4fcebd1c52c4cce6f24d8b2b033237aa340d9914f22d871,资源重建或界面对照
证据,04_场景实体界面与存档,固化14,文本摘录,证据/04_场景实体界面与存档/固化14/文本摘录/MEN0003_MEN0009_Interface作者资源字符串.txt,383,43e3991a3cf31b06014d149acdd2f6b8e62c6b67cbeccaecdeba2cf6f0aadf2c,字符串与人工摘录
证据,04_场景实体界面与存档,固化14,文本摘录,证据/04_场景实体界面与存档/固化14/文本摘录/MEN0003_SF2解析.txt,27659,3b6fb430127f5e66bd96baa1d7ed5e549bdb85ab44139dade6043453d1a43b64,字符串与人工摘录
证据,04_场景实体界面与存档,固化14,文本摘录,证据/04_场景实体界面与存档/固化14/文本摘录/MEN0009_SF2解析.txt,26436,7baf7c305c7f93f648db846f34718b8b5cd48b52fe92fcc56c4f342a6bbc9864,字符串与人工摘录
证据,04_场景实体界面与存档,固化14,机器结果,证据/04_场景实体界面与存档/固化14/机器结果/MEN8001_SF2结构.json,7326,5360bb90a19a93af630c6037cc979d8f9b7f6bba6eae3cfa15459e3edbe9f1f0,机器可读结论与断言
证据,04_场景实体界面与存档,固化14,机器结果,证据/04_场景实体界面与存档/固化14/机器结果/MEN8002_SF2结构.json,6081,f500cc5a91596e4a2a01ff2561fa23420fb74012a1fe7fe4659e27272bfa1eb4,机器可读结论与断言
证据,04_场景实体界面与存档,固化14,机器结果,证据/04_场景实体界面与存档/固化14/机器结果/MEN8003_SF2结构.json,4660,ffc943f3e3333a5ecdf4faa690e541c93b632d0fb75cadcded2b94448c2f4130,机器可读结论与断言
证据,04_场景实体界面与存档,固化14,机器结果,证据/04_场景实体界面与存档/固化14/机器结果/MEN8004_SF2结构.json,12112,1deb63f952d0aaf8c64ac3b98b572f2c8784c6c2930f4efe8e8e7cc46957af3e,机器可读结论与断言
证据,04_场景实体界面与存档,固化14,机器结果,证据/04_场景实体界面与存档/固化14/机器结果/MEN8005_SF2结构.json,12150,138173af15889fad0a7c035451aff1a26d60e2902352b322aefe023adfc12ff9,机器可读结论与断言
证据,04_场景实体界面与存档,固化14,机器结果,证据/04_场景实体界面与存档/固化14/机器结果/MEN8006_SF2结构.json,4660,245803a253bbac07249ba7932ad1e1f46c88df23f2dbfcb5ab2a7c74670c026d,机器可读结论与断言
证据,04_场景实体界面与存档,固化14,机器结果,证据/04_场景实体界面与存档/固化14/机器结果/MEN8007_SF2结构.json,11951,c59a841a59e0887caf6f931b65a269b57e891ecdabfc4e02d3525b45a4ccf692,机器可读结论与断言
证据,04_场景实体界面与存档,固化14,机器结果,证据/04_场景实体界面与存档/固化14/机器结果/MEN8008_SF2结构.json,4583,dfc8258aaaa7a085a9df39edd4709fe5c7dc5e722c9cf98b9bb159e7d8c50715,机器可读结论与断言
证据,04_场景实体界面与存档,固化22,反汇编,证据/04_场景实体界面与存档/固化22/反汇编/SCI地图背景相机模式与渲染_0x406660_0x406AC0.asm,20363,b190f3a38706ecbd024d92ac86726c8011b372ba18befe3abf546d022da94224,近原始机器码与控制流证据
证据,04_场景实体界面与存档,固化22,反汇编,证据/04_场景实体界面与存档/固化22/反汇编/SCI实体初始化与漫游边界_0x40A160_0x40A2B0.asm,6075,eee1072a144ffb133d0c7428410aac9ad0db9d3342d681247ee941621e2f433b,近原始机器码与控制流证据
证据,04_场景实体界面与存档,固化22,反汇编,证据/04_场景实体界面与存档/固化22/反汇编/SCI实体移动档与随机漫游_0x40A7D0_0x40ACF0.asm,23796,ea8ebabb577df08993c4011860abc3da5edfc68a4a3ff3028e0d5e6f5480a14d,近原始机器码与控制流证据
证据,04_场景实体界面与存档,固化22,反汇编,证据/04_场景实体界面与存档/固化22/反汇编/SCI实体类型1与3移动管理_0x409690_0x409850.asm,7762,48439b48f688ce40035ff0efefbcaa2b3fe4acd83c8f4a83396f6d5055bae27c,近原始机器码与控制流证据
证据,04_场景实体界面与存档,固化23,反汇编,证据/04_场景实体界面与存档/固化23/反汇编/MapSCI主构造器直接字段消费审计_00408E80-004093EF.asm,22491,d6667b865c4712b5102a464c4a8da120d7f19c2da15b3fea2b3d07976f4ba351,近原始机器码与控制流证据
证据,04_场景实体界面与存档,固化23修正版2,反汇编,证据/04_场景实体界面与存档/固化23修正版2/反汇编/实体未知字节正样本与直接消费者负证据_00408E80-0040ACC4.asm,29162,a61a8676d7be6b8d5d277b05478f7ca76aa754ff7bf9c068f77f5d0594a9367b,近原始机器码与控制流证据
证据,04_场景实体界面与存档,固化23修正版2,文本摘录,证据/04_场景实体界面与存档/固化23修正版2/文本摘录/系统与音乐容器场景配置目录及原始样本.txt,1342,6b8d02b2655c945a9020b5592cf035ce684380cc2019520f24d773063a59a292,字符串与人工摘录
证据,04_场景实体界面与存档,固化25,反汇编,证据/04_场景实体界面与存档/固化25/反汇编/Map尾字段独立访问器_0x40A0C0_0x40A0D8.asm,924,fe9db367f21b07e29bffc802e4fe784bc17f86c5e12b86308e1c945e85d2ed73,近原始机器码与控制流证据
证据,04_场景实体界面与存档,固化25,反汇编,证据/04_场景实体界面与存档/固化25/反汇编/Map运行条目构造器_0x408E80_0x4093F0.asm,22446,d8e46049278b7df8fb177ba55daeaa1425935443c8804956291fd87d5b2eaf0a,近原始机器码与控制流证据
证据,05_资源容器与配置,固化23修正版2,反汇编,证据/05_资源容器与配置/固化23修正版2/反汇编/音乐列表五十一字节记录读取与播放路径_00403200-0040351F.asm,15019,99125e4600423aec8be8fb0250f9ac77372c6c0cfaf8e76fa4527d6ff0e23985,近原始机器码与控制流证据
证据,05_资源容器与配置,固化23修正版2,反汇编,证据/05_资源容器与配置/固化23修正版2/反汇编/音乐列表首字节直接消费者审计_00403220-004034B0.asm,18818,c8f778293f2708badb032acb821ff08b638ff66e3c36d409fcc6f014b680e163,近原始机器码与控制流证据
证据,05_资源容器与配置,固化26,反汇编,证据/05_资源容器与配置/固化26/反汇编/资源容器头部索引加载与四模式分派_00402190-0045CDBB.asm,15079,a145107bdb62f9e1605eb0954c5f4c6eef8944983a7ff35355ace0b94e01201d,近原始机器码与控制流证据
证据,06_图像动画与音频,固化22,反汇编,证据/06_图像动画与音频/固化22/反汇编/SF2实体动作循环与一次性播放_0x4073D0_0x4074A0.asm,4387,a164acf151dd22cff6e6217e9c947feda0143381e3cd5640dec5e080f0fa3672,近原始机器码与控制流证据
证据,06_图像动画与音频,固化27,反汇编,证据/06_图像动画与音频/固化27/反汇编/标准SF2魔数检查与0x6F解压_00428B60-00428E10.asm,12702,e819dc388489e5aeae131b0183d918a3a1ee5adc2514a2029e4d9ab1e4128a1b,近原始机器码与控制流证据
证据,06_图像动画与音频,固化27,反汇编,证据/06_图像动画与音频/固化27/反汇编/通用动画载入与Header字段访问_004070D0-00407380.asm,14330,fdbf5504692567ea880c045105abc0883e55e924fe8f4b3923412acc83f7fc11,近原始机器码与控制流证据
证据,06_图像动画与音频,固化28,文本摘录,证据/06_图像动画与音频/固化28/文本摘录/RPG_ITF调用图与解压边界关键反汇编.txt,40588,dc7cf031efcdb1f68320366e3471ec0c4a2078c1d00a2672426abd2f452b5a07,字符串与人工摘录
证据,06_图像动画与音频,固化29,文本摘录,证据/06_图像动画与音频/固化29/文本摘录/RPG_ITF编号资源对象链与双表关键反汇编.txt,57098,b472ba4c90cf735d638d7db1c58a001273353a5f753b5169fcbc3c72206caed3,字符串与人工摘录
证据,06_图像动画与音频,固化30,文本摘录,证据/06_图像动画与音频/固化30/文本摘录/RPG_ITF双表下游严格SF2构造链关键反汇编.txt,19772,fe6a13373889119ff07445658b81a120f62722dcf498eb35a9ad5668c648b0b3,字符串与人工摘录
证据,06_图像动画与音频,固化31,文本摘录,证据/06_图像动画与音频/固化31/文本摘录/SF2属性槽效果消费链关键地址.txt,757,afeb3ab992c7b2be17104d98ac6ec8c8df4b6c278d75f9fb19a359e232ff2c12,字符串与人工摘录
证据,06_图像动画与音频,固化32,文本摘录,证据/06_图像动画与音频/固化32/文本摘录/SF2锚点路由关键地址.txt,727,d71e5efe23747387a7c429c7757420adf274e7dbdfb456d3dd8470b644dd8c0a,字符串与人工摘录
证据,06_图像动画与音频,固化33,文本摘录,证据/06_图像动画与音频/固化33/文本摘录/SF2剩余属性槽关键地址.txt,582,45330fe55904e1c7696674b2d6a9946894e8148e06b9c1ceb0a17c91c27394df,字符串与人工摘录
证据,06_图像动画与音频,固化34,机器结果,证据/06_图像动画与音频/固化34/机器结果/SF2渲染查表机器码断言_固化34.json,8754,8998b2f0a5227db6175095be4487c61b7963cf1218d02b4c77194bdca16410e6,机器可读结论与断言
证据,06_图像动画与音频,固化35,反汇编,证据/06_图像动画与音频/固化35/反汇编/异格式动画挂载与标准动画路径边界机器码摘录.asm,4881,468f7b11cd2affd31c7d1ed7f3d7117bb2a0de9db4dda2bf3bb7f9c96fb42c1d,近原始机器码与控制流证据
证据,06_图像动画与音频,固化35,图像证据,证据/06_图像动画与音频/固化35/图像证据/异格式动画界面图集静态重建.png,18898,46f453744d5425afcea6971d1bcd97e2796551cdc85be82597ef688f35f362be,资源重建或界面对照
证据,06_图像动画与音频,固化36,反汇编,证据/06_图像动画与音频/固化36/反汇编/SAF运行时请求面与资源管理器机器码摘录.asm,83254,f3adf0efaf4a8733f8a0216ec76c32462f0e111eee32d162e9dd8495d369f50c,近原始机器码与控制流证据
证据,06_图像动画与音频,固化37,文本摘录,证据/06_图像动画与音频/固化37/文本摘录/SF2嵌入PCM到RIFF关键反汇编摘录.txt,7023,cbf58f4cfe90cb20abafe7ada9844167771fa4585cbff6ccc5bcf581a36176c4,字符串与人工摘录
证据,06_图像动画与音频,固化37,机器结果,证据/06_图像动画与音频/固化37/机器结果/SF2嵌入PCM到RIFF机器码断言_固化37.json,6245,791c26e82e02284a1c95f492f1e5770bc165eb7f4b7b6565c5908d7b5084d32e,机器可读结论与断言
证据,06_图像动画与音频,固化37,机器结果,证据/06_图像动画与音频/固化37/机器结果/旧WAV导出器与原版RIFF公式字节等价_固化37.json,828,4ff2e5e4134c437741fd968c50069e9afa55c08c390769c0d4d35e2d5454b490,机器可读结论与断言
证据,06_图像动画与音频,固化39,反汇编,证据/06_图像动画与音频/固化39/反汇编/标准SF2第一套Layer构造与绘制直读链.asm,25361,9c75cf4fd4769febd1156e36ed79822080fd69504f502b9c6f76c4d385c19028,近原始机器码与控制流证据
证据,06_图像动画与音频,固化39,反汇编,证据/06_图像动画与音频/固化39/反汇编/标准SF2第二套Layer构造与主合成直读链.asm,19766,b7388ea83cdb22ca6fa16e330c4454f152a1bc2cfdabaa32f54425cb4cc56252,近原始机器码与控制流证据
证据,06_图像动画与音频,固化39,文本摘录,证据/06_图像动画与音频/固化39/文本摘录/图层32位字段全语料结构结论.txt,1582,fe544be1d0cadbf10770032ad7c935811cff3546f5bf377aa41f6b8c65ec5431,字符串与人工摘录
证据,07_战斗核心对象与随机数,固化18,反汇编,证据/07_战斗核心对象与随机数/固化18/反汇编/Battle初始化重新播种与LayoutGR分支_00442040-004428CF.asm,30717,0c48ca768458651460e052ccd43742187f438958f4f3a4889cc4fdb929324000,近原始机器码与控制流证据
证据,07_战斗核心对象与随机数,固化18,反汇编,证据/07_战斗核心对象与随机数/固化18/反汇编/LayoutGR到LayoutTeam双随机候选选择_00424430-0042458F.asm,6799,0c35e5257412d731175f0bcd2b7e4cfbbfadf3f67160e3697065b99ed2c17f1a,近原始机器码与控制流证据
证据,07_战斗核心对象与随机数,固化18,反汇编,证据/07_战斗核心对象与随机数/固化18/反汇编/伏龍A战斗前随机与Battle创建链_0040D3E0-0040D510.asm,4312,b1e805468ef53a1f147e79e42f746034e2441b57bd0e56c138ed7ba01c4361ec,近原始机器码与控制流证据
证据,07_战斗核心对象与随机数,固化18,反汇编,证据/07_战斗核心对象与随机数/固化18/反汇编/伏龍A随机到Battle重新播种直接调用链.asm,13760,78bb34c6109b886dc33f156001ea368facc23460bcdf1e78b4d73c9282bc0e83,近原始机器码与控制流证据
证据,07_战斗核心对象与随机数,固化18,反汇编,证据/07_战斗核心对象与随机数/固化18/反汇编/升级随机增长_00443B60-00443E40.asm,17810,9c987ed986a06dcc3d663adb1efb53c59ec624ebb558077535f56a480dfe6948,近原始机器码与控制流证据
证据,07_战斗核心对象与随机数,固化18,反汇编,证据/07_战斗核心对象与随机数/固化18/反汇编/胜利结算随机顺序_00443660-00443B50.asm,45782,fdbe2156a67ee15b3dfdce00cf6997447efd5aa6e273d12bea61b78d5ac687ea,近原始机器码与控制流证据
证据,07_战斗核心对象与随机数,固化18,反汇编,证据/07_战斗核心对象与随机数/固化18/反汇编/胜利角色升级循环与掉落随机_00443800-00443B50.asm,6357,8fbc7170e5bd9ef5a85e3108a9b42ca0905ed8e6ef96399825b9a53b8da42b76,近原始机器码与控制流证据
证据,07_战斗核心对象与随机数,固化18,机器结果,证据/07_战斗核心对象与随机数/固化18/机器结果/D8初始化与胜利结算随机顺序.json,14183,9425d5e21e3f0bd03b44ef8b1b3c30f24144b674d9cd388c2c991f84a5265135,机器可读结论与断言
证据,07_战斗核心对象与随机数,固化18,机器结果,证据/07_战斗核心对象与随机数/固化18/机器结果/D8胜利结算随机顺序与升级增长表.json,11509,e1e7c1799a7868d1b8ed7be0039f7168900b6f0b28e2066f50a89eb9466eb285,机器可读结论与断言
证据,07_战斗核心对象与随机数,固化18,机器结果,证据/07_战斗核心对象与随机数/固化18/机器结果/RNG取值函数全部直接调用引用.json,1301,c8a7b4cca60bb02c5e14e194f2bc7545bfe8022b6db5109e156cccb61358b450,机器可读结论与断言
证据,07_战斗核心对象与随机数,固化18,机器结果,证据/07_战斗核心对象与随机数/固化18/机器结果/升级五项随机增长helper_全部直接调用引用.json,382,04a7cda92b64118b8c1b50846ff5a946af645f3f2de8d8593b3e0671113cda19,机器可读结论与断言
证据,07_战斗核心对象与随机数,固化18,机器结果,证据/07_战斗核心对象与随机数/固化18/机器结果/战斗调查器_RPG静态证据回归_固化18阶段中.json,83853,f5dc1da50f3ade224c370327e362eb92e0f10b49b54090dfd5db03fb2dda3e03,机器可读结论与断言
证据,07_战斗核心对象与随机数,固化19,反汇编,证据/07_战斗核心对象与随机数/固化19/反汇编/AI随机顺序_00444240-00444590.asm,14207,64578281a0b163883bda89ec2402616b372c042d8bca4e4fcd6d5c7ae8f09984,近原始机器码与控制流证据
证据,07_战斗核心对象与随机数,固化19,反汇编,证据/07_战斗核心对象与随机数/固化19/反汇编/动作准备随机候选_00422F00-0042306A.asm,5748,ce3e687d57ec872ee70f4d4ac99fb60a8d904e5c8402ff9ef1464e89402ba08f,近原始机器码与控制流证据
证据,07_战斗核心对象与随机数,固化19,反汇编,证据/07_战斗核心对象与随机数/固化19/反汇编/戰場脫逃随机判定_0042227B-004222C7.asm,1022,a3dfca0db2adfa7dfd224093bd82c7cb76ead7f84b811b36ba325422b2cf3dd6,近原始机器码与控制流证据
证据,07_战斗核心对象与随机数,固化19,反汇编,证据/07_战斗核心对象与随机数/固化19/反汇编/目标选择随机顺序_00422CB0-00422EDA.asm,9737,90ce3b8773c98d0385203193d2382fce813ac3f84ca3776b2d5a1ac9cfaa2d00,近原始机器码与控制流证据
证据,07_战斗核心对象与随机数,固化19,机器结果,证据/07_战斗核心对象与随机数/固化19/机器结果/D8_AI目标动作条件性draw协议_阶段中.json,1660,4badf2f88e1a495f5083622e8a1d2bb6cb6a031ddab1947e12954cbe4165806d,机器可读结论与断言
证据,07_战斗核心对象与随机数,固化19,机器结果,证据/07_战斗核心对象与随机数/固化19/机器结果/FIRTTECH_0x1EA_戰場脫逃记录.json,2111,ab0762ab566c524f960350709d1dda2b678e63edb44b88fbb17bb0d2a8263714,机器可读结论与断言
证据,07_战斗核心对象与随机数,固化20,反汇编,证据/07_战斗核心对象与随机数/固化20/反汇编/Article或效果公式随机区_0042A820-0042AD40.asm,25597,285b3d1ea96e62a5ccd4ff63a52ea760126555ce264fca90e40733ca2c625202,近原始机器码与控制流证据
证据,07_战斗核心对象与随机数,固化20,反汇编,证据/07_战斗核心对象与随机数/固化20/反汇编/FIRTTECH主处理随机区_0042C080-0042C980.asm,48723,2d39f88727c4960989753f20b083584f71f4894090a4acb64ae2d2b3a20d8d5c,近原始机器码与控制流证据
证据,07_战斗核心对象与随机数,固化20,反汇编,证据/07_战斗核心对象与随机数/固化20/反汇编/FIRTTECH公式helper与半开区间随机_0042B5F0-0042B870.asm,15129,6323a0f8cf5ce459d2cc59f233f51e5f6b6d51b2710a5ad1c30e166576d1b9f9,近原始机器码与控制流证据
证据,07_战斗核心对象与随机数,固化20,反汇编,证据/07_战斗核心对象与随机数/固化20/反汇编/五槽效果处理随机区_0042B080-0042B5C0.asm,27197,9118240bef253a986f27c966917681a96bbf9316a90d2928bf8ea67530f5b605,近原始机器码与控制流证据
证据,07_战斗核心对象与随机数,固化20,反汇编,证据/07_战斗核心对象与随机数/固化20/反汇编/通用随机区间与记录派生随机helper_0042CCB0-0042CDB0.asm,6249,608073ee338751b18602fe1b7b1a96a8dd9627b94b3b5c8e44c65afd620a1ed8,近原始机器码与控制流证据
证据,07_战斗核心对象与随机数,固化20,反汇编,证据/07_战斗核心对象与随机数/固化20/反汇编/额外公式caller与半开区间随机_0042BC50-0042BD40.asm,5322,221ec606466014ea9c89643e2693030cc475dbe956c4e55c4271875e8b6c2abb,近原始机器码与控制流证据
证据,07_战斗核心对象与随机数,固化21,反汇编,证据/07_战斗核心对象与随机数/固化21/反汇编/Battle表现对象调用_0x422360_0x422398.asm,1122,fa6d045024a1df49a43b6ab511fbb2433f524162cc223741f74a9550bb37dfd9,近原始机器码与控制流证据
证据,07_战斗核心对象与随机数,固化21,反汇编,证据/07_战斗核心对象与随机数/固化21/反汇编/Battle表现对象首次随机_0x43D300_0x43D36C.asm,2108,69cc666a910a9dae5865c72fb13af130fd0985551ffa86179e60497127d33a0e,近原始机器码与控制流证据
证据,07_战斗核心对象与随机数,固化21,反汇编,证据/07_战斗核心对象与随机数/固化21/反汇编/FightRole构造随机_0x41F2B0_0x41F490.asm,6732,16a3a2e13c16f0012abc949d88c44798060b55731cbb501ee2accacef8178ac4,近原始机器码与控制流证据
证据,07_战斗核心对象与随机数,固化21,反汇编,证据/07_战斗核心对象与随机数/固化21/反汇编/候选注入概率随机_0x4232D0_0x4233D8.asm,4216,76d0fc1c78ace4104aacf5fa321a69f174c10a4601929c37bfeccff347f74aa0,近原始机器码与控制流证据
证据,07_战斗核心对象与随机数,固化21,反汇编,证据/07_战斗核心对象与随机数/固化21/反汇编/动作内部状态随机_0x421A00_0x421B50.asm,5519,dd2be0fda2a9ae9574b285e5603549b03662d2598d4d31c90ebe5a7471edf15f,近原始机器码与控制流证据
证据,07_战斗核心对象与随机数,固化21,反汇编,证据/07_战斗核心对象与随机数/固化21/反汇编/呼叫增援与屍魔召喚随机_0x443D90_0x443FC2.asm,9121,57ff9da340e3a6fe9cc7c1c8496117a0ce1e536bd72543430cdd5d2825bc6a58,近原始机器码与控制流证据
证据,07_战斗核心对象与随机数,固化21,反汇编,证据/07_战斗核心对象与随机数/固化21/反汇编/随机FightRole槽重试_0x4466F0_0x4467C5.asm,3896,74123533bc948a7e5e81781aaa64383ba85a2939b3a6caa601762ba1ca67a471,近原始机器码与控制流证据
证据,07_战斗核心对象与随机数,固化22,反汇编,证据/07_战斗核心对象与随机数/固化22/反汇编/相机随机抖动_0x44B4B0_0x44B590.asm,3514,28b007dc6d4b4af6a2c9cddfa4ccdb437abc2e07295ffa01c38b8008d97c2972,近原始机器码与控制流证据
证据,07_战斗核心对象与随机数,固化22,反汇编,证据/07_战斗核心对象与随机数/固化22/反汇编/窗口创建初始化随机_0x401000.asm,6231,3197e378c21f8d4e04b9cc635b144ceebfcd609cc86203d292adf3c212fcfec4,近原始机器码与控制流证据
证据,07_战斗核心对象与随机数,固化22,反汇编,证据/07_战斗核心对象与随机数/固化22/反汇编/随机遭遇阈值_0x403510_0x403760.asm,8613,487f3c0442e78cc35d10fa0a039fcbb23bfb3ea3ded9c1d0a6412ebcdcde9949,近原始机器码与控制流证据
证据,07_战斗核心对象与随机数,固化3,反汇编,证据/07_战斗核心对象与随机数/固化3/反汇编/AI候选筛选与评分.asm,17329,ede1df8ef4c020aff8a84888ffdb0a4e2eb66415708547e30df97b2766440cf8,近原始机器码与控制流证据
证据,07_战斗核心对象与随机数,固化3,反汇编,证据/07_战斗核心对象与随机数/固化3/反汇编/AI动作准备与模式分流.asm,7049,f24bd2d00b8aeb664faa48025b5d5bbe647a65ed63b4af2acd0190e716f29781,近原始机器码与控制流证据
证据,07_战斗核心对象与随机数,固化3,反汇编,证据/07_战斗核心对象与随机数/固化3/反汇编/AI动作资源可用性检查_0x444590_0x444821.asm,11478,844b05e1ed861fce0402e746a0398fe0e056a8f775b6d32492483300a5b995c2,近原始机器码与控制流证据
证据,07_战斗核心对象与随机数,固化3,反汇编,证据/07_战斗核心对象与随机数/固化3/反汇编/Battle初始化RNG播种_0x442076_0x44207C.asm,1268,3459f35d2c93841944bf476f8ce6d60f67376217630a3c92cac98bc9faeddbbf,近原始机器码与控制流证据
证据,07_战斗核心对象与随机数,固化3,反汇编,证据/07_战斗核心对象与随机数/固化3/反汇编/DamageInfo应用与双资源Clamp_0x420ED0_0x421105.asm,8113,4109d87aed62e03956650facde3870a6ad42e50d560455ed86db7d1ba1dd8d91,近原始机器码与控制流证据
证据,07_战斗核心对象与随机数,固化3,反汇编,证据/07_战斗核心对象与随机数/固化3/反汇编/DamageInfo状态传播后处理_0x42150C_0x421560.asm,5392,c6b9961b5c86494b94e0eb388a218edcab7e1306f0aa876c1fcdb49469c086da,近原始机器码与控制流证据
证据,07_战斗核心对象与随机数,固化3,反汇编,证据/07_战斗核心对象与随机数/固化3/反汇编/DataCenter战斗表基址映射.asm,2818,9c6ba3281aab209d2067ada90443bbb1385260cc079c449a68c82fa56a9c9c6b,近原始机器码与控制流证据
证据,07_战斗核心对象与随机数,固化3,反汇编,证据/07_战斗核心对象与随机数/固化3/反汇编/EVE队伍双资源调整入口_0x40E6C0_0x40E71E.asm,1954,e2fb9152286a0fc6d2ba29b470af1871e3a834ffe5bee4fd99a822f65f76410a,近原始机器码与控制流证据
证据,07_战斗核心对象与随机数,固化3,反汇编,证据/07_战斗核心对象与随机数/固化3/反汇编/FIRTTECH主处理器.asm,30811,2999953266aaefb584fa51f6a7b1bf276062c24897053bb976ecf678547c3fb7,近原始机器码与控制流证据
证据,07_战斗核心对象与随机数,固化3,反汇编,证据/07_战斗核心对象与随机数/固化3/反汇编/FIRTTECH主处理器完整_0x42C680.asm,26344,a57137a1ccb4b6d1e50ff3d297ab5cd74b430c58b892f6534ba11672cc7cb88f,近原始机器码与控制流证据
证据,07_战斗核心对象与随机数,固化3,反汇编,证据/07_战斗核心对象与随机数/固化3/反汇编/FIRTTECH处理包装器.asm,3092,87ffce31df9600aaee92b0f015f4a7a25d96a04af413dd59ee35ca87cd50fe1e,近原始机器码与控制流证据
证据,07_战斗核心对象与随机数,固化3,反汇编,证据/07_战斗核心对象与随机数/固化3/反汇编/FightRole构造与初始化.asm,17686,2781142f24ca181d98c724df6dfa7f440595f1a9b11206efb80cc264bab5e945,近原始机器码与控制流证据
证据,07_战斗核心对象与随机数,固化3,反汇编,证据/07_战斗核心对象与随机数/固化3/反汇编/Role运行时状态槽展示与DamageInfo传播.asm,16353,c0d8525b9a138a7196325ae5cea54f57298fa438d0e40b77324bab9e2afea8c7,近原始机器码与控制流证据
证据,07_战斗核心对象与随机数,固化3,反汇编,证据/07_战斗核心对象与随机数/固化3/反汇编/主生存资源周期更新_0x4206C6_0x4207A8.asm,4018,4bb4ba5b887a7cc22dc4f5bfb1147c3e40c0db046bb06a14d0db57ba443d1530,近原始机器码与控制流证据
证据,07_战斗核心对象与随机数,固化3,反汇编,证据/07_战斗核心对象与随机数/固化3/反汇编/主生存资源零值状态转移_0x4231F0_0x4232C4.asm,3436,03a202552a33ed8d8036b08a0e98763632fcabe5f3a5916289dfb88a41fee42f,近原始机器码与控制流证据
证据,07_战斗核心对象与随机数,固化3,反汇编,证据/07_战斗核心对象与随机数/固化3/反汇编/五槽FIRTTECH与Article实参来源.asm,8876,2f7728fdc24f7da58ab9f90bbae378a862bc55b8803cb08abbc32a0ef6266b2d,近原始机器码与控制流证据
证据,07_战斗核心对象与随机数,固化3,反汇编,证据/07_战斗核心对象与随机数/固化3/反汇编/五槽ID到Role运行时槽映射_0x42B0D0_0x42B592.asm,20848,71395cf088341bb96f7fd69141c2b7311f44519fa4654a38591d3038d8e0d33d,近原始机器码与控制流证据
证据,07_战斗核心对象与随机数,固化3,反汇编,证据/07_战斗核心对象与随机数/固化3/反汇编/五槽处理第二调用点.asm,4966,77b03a9e271cb38ebf1ceb62e5589c1cd8ef3d3ea8c1da45c958095e3058b1f8,近原始机器码与控制流证据
证据,07_战斗核心对象与随机数,固化3,反汇编,证据/07_战斗核心对象与随机数/固化3/反汇编/五槽次级效果处理.asm,20914,091a435d2f8289ccc36dd6a3c90b31ddd4264cd35b4d767e7d8db00d1c83ae74,近原始机器码与控制流证据
证据,07_战斗核心对象与随机数,固化3,反汇编,证据/07_战斗核心对象与随机数/固化3/反汇编/全局随机数发生器_0x45155B_0x451565.asm,609,4226655aaabbe0e3de274e0dbea39f9b3ee3dd5cd3f30650cfb07cdcf25460e2,近原始机器码与控制流证据
证据,07_战斗核心对象与随机数,固化3,反汇编,证据/07_战斗核心对象与随机数/固化3/反汇编/公式辅助函数_0x42B5F0.asm,1557,32e6830fd2c9d60f3e90af716b5bcce08529efc29fe7f6a2b09ff5417e91b302,近原始机器码与控制流证据
证据,07_战斗核心对象与随机数,固化3,反汇编,证据/07_战斗核心对象与随机数/固化3/反汇编/公式辅助函数_0x42B630.asm,3049,66370ffb886a0d67511c9407900dde72e89bb91e6218a3b1af87441f4cf6119c,近原始机器码与控制流证据
证据,07_战斗核心对象与随机数,固化3,反汇编,证据/07_战斗核心对象与随机数/固化3/反汇编/公式辅助函数_0x42B6C0.asm,3081,204960da6613c4ec51c9ec7a0da0a20a714311499607ffc6cca9bf2b50c390f2,近原始机器码与控制流证据
证据,07_战斗核心对象与随机数,固化3,反汇编,证据/07_战斗核心对象与随机数/固化3/反汇编/公式辅助函数_0x42B750.asm,2586,0b2bff4ab720d298a3280f7e5bc7cf1b63c14be8cbf5f197000df3800953d500,近原始机器码与控制流证据
证据,07_战斗核心对象与随机数,固化3,反汇编,证据/07_战斗核心对象与随机数/固化3/反汇编/公式辅助函数_0x42B7D0.asm,2332,f6e911cb1338b73dd20dc95e3c02cd1914493b8f0fcd598609c9c2077e3ea8d4,近原始机器码与控制流证据
证据,07_战斗核心对象与随机数,固化3,反汇编,证据/07_战斗核心对象与随机数/固化3/反汇编/公式辅助函数_0x42B840.asm,1356,c72b0f71cedada2c1fb5bdc47d6e3916ee6f2e8cffc8b564457c8fc9b068e05f,近原始机器码与控制流证据
证据,07_战斗核心对象与随机数,固化3,反汇编,证据/07_战斗核心对象与随机数/固化3/反汇编/动作处理器分派.asm,8833,e1695cc5503d5b2da5a7089857018f90b849ccbe5742238a740d2424c591e100,近原始机器码与控制流证据
证据,07_战斗核心对象与随机数,固化3,反汇编,证据/07_战斗核心对象与随机数/固化3/反汇编/动作执行调用点.asm,8683,cba46d7faea3d4d9eecbb2bea23bf1eeb3d4fc23d47677de6aa0e20d34d7541b,近原始机器码与控制流证据
证据,07_战斗核心对象与随机数,固化3,反汇编,证据/07_战斗核心对象与随机数/固化3/反汇编/双资源恢复与动作消耗_0x421165_0x4212CE.asm,5742,f6ca92a6aec104beadf741dcdead5a70aa30ab611648ed73c3161ca0dd8aef88,近原始机器码与控制流证据
证据,07_战斗核心对象与随机数,固化3,反汇编,证据/07_战斗核心对象与随机数/固化3/反汇编/显式动作请求载入与Article准备.asm,10599,1f97f6a7eec5bd809b6c428468cad01150d194000c1516adb14474984c51fe28,近原始机器码与控制流证据
证据,07_战斗核心对象与随机数,固化3,反汇编,证据/07_战斗核心对象与随机数/固化3/反汇编/显式目标请求主目标解析.asm,4370,4c3c44fb31a59c5abe2f5620bd0bc23782565e4380c05bd1142a06fa792001e8,近原始机器码与控制流证据
证据,07_战斗核心对象与随机数,固化3,反汇编,证据/07_战斗核心对象与随机数/固化3/反汇编/目标种子选择.asm,10678,e345ca7e490723b00ad2a7b9408d84773af6eb2477719bedd013ab05679f02f0,近原始机器码与控制流证据
证据,07_战斗核心对象与随机数,固化3,反汇编,证据/07_战斗核心对象与随机数/固化3/反汇编/目标集合构造.asm,11881,04f025718c756c4329d55a5dadf670d44cd0bc9ca4d78e4fe9b7f30e143ab9c3,近原始机器码与控制流证据
证据,07_战斗核心对象与随机数,固化3,反汇编,证据/07_战斗核心对象与随机数/固化3/反汇编/管理器槽与FightRole对象基址.asm,5472,71dffc73205b5994514f937abfac4fbe34873edc310162a73618f26bb829df21,近原始机器码与控制流证据
证据,07_战斗核心对象与随机数,固化3,反汇编,证据/07_战斗核心对象与随机数/固化3/反汇编/系统时间种子来源_0x451583.asm,4089,e15e4f410824c8335c30623c923fcb25aabf29ecce6f3469ec41e761b0e569cb,近原始机器码与控制流证据
证据,07_战斗核心对象与随机数,固化3,反汇编,证据/07_战斗核心对象与随机数/固化3/反汇编/结果应用模式1与双资源处理_0x420ED0_0x421165.asm,9441,fe432edd0ffe743adb81833cb4987e5d3bfe4b164b2190255a68fba6d65858c3,近原始机器码与控制流证据
证据,07_战斗核心对象与随机数,固化3,反汇编,证据/07_战斗核心对象与随机数/固化3/反汇编/结果应用模式2与状态后处理_0x4212CE_0x421682.asm,14847,0362942e308d09e3d68c951f82437a45a7d813dfe99606268f596de0f24d121c,近原始机器码与控制流证据
证据,07_战斗核心对象与随机数,固化3,反汇编,证据/07_战斗核心对象与随机数/固化3/反汇编/角色派生标量A_0x42BA00_0x42BA80.asm,3687,1339685297204c041ffc1e145a71617d73a9029f26201ec6e61ceb1ae899a104,近原始机器码与控制流证据
证据,07_战斗核心对象与随机数,固化3,反汇编,证据/07_战斗核心对象与随机数/固化3/反汇编/角色派生标量B_0x42BAD0_0x42BB50.asm,4380,78d7f9beb51294fe7434ccf384add1f90ff03c27d971eb82789d54bb9c24a7d0,近原始机器码与控制流证据
证据,07_战斗核心对象与随机数,固化3,反汇编,证据/07_战斗核心对象与随机数/固化3/反汇编/通用随机区间_0x42CCB0.asm,1370,9b0c0f44166f0b2175a9ddde05ac9f3f2a1a5aabe916151aa74747ab6df515d9,近原始机器码与控制流证据
证据,07_战斗核心对象与随机数,固化3,反汇编,证据/07_战斗核心对象与随机数/固化3/反汇编/队伍双资源CurrentMax处理_0x43B8F0_0x43BAE1.asm,9609,b67b8ae31abcd6bdf9763e9547204bda7803117e91d97a2e0a89c9e273fb1c09,近原始机器码与控制流证据
证据,07_战斗核心对象与随机数,固化3,反汇编,证据/07_战斗核心对象与随机数/固化3/反汇编/默认公式随机差值组合_0x42BCD0.asm,1430,aa03bdce79408a9dba08e88076c98e4b7f785be8936ce3baaf219b65dcac7800,近原始机器码与控制流证据
证据,07_战斗核心对象与随机数,固化3,机器结果,证据/07_战斗核心对象与随机数/固化3/机器结果/固化3静态证据来源.json,7230,bb7e9b9261c7dc18084c545f6968cd2fe5102dabb49e55f23ee36ed9a53de3d9,机器可读结论与断言
证据,07_战斗核心对象与随机数,固化42,反汇编,证据/07_战斗核心对象与随机数/固化42/反汇编/DamageInfo大ID生成与普通状态通道排除_固化42.asm,8347,874ff76a35512171b58efdf6e540458f0a426010d46ac08a9f212d3495278d9c,近原始机器码与控制流证据
证据,07_战斗核心对象与随机数,固化42,反汇编,证据/07_战斗核心对象与随机数/固化42/反汇编/DamageInfo已证来源根与消费边界_固化42.asm,8872,29a5a48e09c04f8549a8b2c8687ef7bd5ad21a69f3b16b7777623ac2f55baf9a,近原始机器码与控制流证据
证据,07_战斗核心对象与随机数,固化42,反汇编,证据/07_战斗核心对象与随机数/固化42/反汇编/大ID真实物品独立处理链_固化42.asm,21688,03805aa87a9d74e068af63e55e7a99860797e942ec19e191d6c07be71bab49cf,近原始机器码与控制流证据
证据,07_战斗核心对象与随机数,固化42,机器结果,证据/07_战斗核心对象与随机数/固化42/机器结果/Battle大效果ID与DamageInfo固定8000下游边界_固化42.json,26309,eb8138ff5b52f00fb1fc9128318fed36a061192c73ee7d285bc79d973047da39,机器可读结论与断言
证据,07_战斗核心对象与随机数,固化62,反汇编,证据/07_战斗核心对象与随机数/固化62/反汇编/Battle战场脱逃成功判定链_0042227B-004222C6.asm,1086,ad94c7b924ce6a8584065bb7b4c6c577ec173cd0e043af13153aa3e21319fbe5,近原始机器码与控制流证据
证据,07_战斗核心对象与随机数,固化62,反汇编,证据/07_战斗核心对象与随机数/固化62/反汇编/LayoutGR脱逃成功阈值Getter_00424560-0042458F.asm,1143,f289aae21a4a480dc2cb7d2a01469a79889287e4332870a9ba2c8b38f75f34db,近原始机器码与控制流证据
证据,07_战斗核心对象与随机数,固化62,反汇编,证据/07_战斗核心对象与随机数/固化62/反汇编/LegacyRNG播种入口与Rand15本体_0045155B-00451582.asm,633,b990351d3670bd102663d81bbec3b7c659341fbd4e90d85b0cfe379b77b69587,近原始机器码与控制流证据
证据,07_战斗核心对象与随机数,固化62,机器结果,证据/07_战斗核心对象与随机数/固化62/机器结果/原版与研究版关键区间及调用面复核_固化62.json,3801,ebaf4f93c303dbe6642b1999744ab4c869af2ddefc926b7c8e6363c9e0c80e10,机器可读结论与断言
证据,07_战斗核心对象与随机数,固化68,反汇编,证据/07_战斗核心对象与随机数/固化68/反汇编/原版与研究版_MiscInfo六槽动作加入清理与回写_多区间.asm,28223,c4a5dbe3f25c350eaa68642f904faf503f37f487ab414f3eb078988c114a347a,近原始机器码与控制流证据
证据,07_战斗核心对象与随机数,固化68,反汇编,证据/07_战斗核心对象与随机数/固化68/反汇编/原版与研究版_RoleDefinition八通道回写差异_多区间.asm,27126,663fcf2a2883cd866c3d046ec0cea5a01cd026333b2eb1ee69ddb353c88d9a2a,近原始机器码与控制流证据
证据,07_战斗核心对象与随机数,基础阶段,反汇编,证据/07_战斗核心对象与随机数/基础阶段/反汇编/战斗单位构造与角色定义复制_0041F140-0041F6CF.asm,21200,c601ac38bbf738e242974fddfd0ce8365d24c7e1e2d0b4933efdb4254206a535,近原始机器码与控制流证据
证据,07_战斗核心对象与随机数,基础阶段,反汇编,证据/07_战斗核心对象与随机数/基础阶段/反汇编/敌方AI与MagicCon数据载入_004440D0-00444210.asm,4716,65891af4afb833f4ff62624e89214eeb24204fe95055b919e77a639c57445fca,近原始机器码与控制流证据
证据,07_战斗核心对象与随机数,基础阶段,反汇编,证据/07_战斗核心对象与随机数/基础阶段/反汇编/敌方AI决策与候选联合筛选_00444240-004447C3.asm,23694,aed29370317959ffd2813ab6d276ed8c5bf869ae1fdd35bfb553d6051d93d602,近原始机器码与控制流证据
证据,07_战斗核心对象与随机数,基础阶段,文本摘录,证据/07_战斗核心对象与随机数/基础阶段/文本摘录/战斗模块关键字符串与源码路径.txt,523,3838af79e608e9cd5f35c761a47e18ff9c7f8be10d4a69d41ee2b6f3c6463b82,字符串与人工摘录
证据,08_战斗公式资源与物品,固化5,反汇编,证据/08_战斗公式资源与物品/固化5/反汇编/Article动作流复苏物品再判定_0x422630_0x422654.asm,355,6901699567ffea009fae4cbace8acae30f97f9d4a196a44f048b0e0893768798,近原始机器码与控制流证据
证据,08_战斗公式资源与物品,固化5,反汇编,证据/08_战斗公式资源与物品/固化5/反汇编/Article复苏与神临金丹特殊处理_0x42B050_0x42B0C3.asm,2005,a0253271d0911cda2d0c5e990422f1c4bcef80e1b9f6875a16e448e9f4b612f0,近原始机器码与控制流证据
证据,08_战斗公式资源与物品,固化5,反汇编,证据/08_战斗公式资源与物品/固化5/反汇编/Article复苏物品目标许可_0x4201F0_0x420262.asm,1985,de7153cf9ff96c554f921a320cfea1d689fe88cd490db91ac6a34bb038142d9e,近原始机器码与控制流证据
证据,08_战斗公式资源与物品,固化5,反汇编,证据/08_战斗公式资源与物品/固化5/反汇编/五槽大ID与NormalPending边界_0x42B2F0_0x42B340_0x422C3D.asm,2156,694685c072972cd005cfd7c9dd7df0203e5a1a0497397168e029c9559069bf1c,近原始机器码与控制流证据
证据,08_战斗公式资源与物品,固化5,反汇编,证据/08_战斗公式资源与物品/固化5/反汇编/永久能力物品族菜单特殊范围_0x437960_0x4379F1.asm,2255,56fd7dfc5fb2da7ebefd2efeb196183014942a9307d5aea8712df59d1d39ec9f,近原始机器码与控制流证据
证据,08_战斗公式资源与物品,固化5,文本摘录,证据/08_战斗公式资源与物品/固化5/文本摘录/运行时39槽后11槽负向证据边界.txt,870,8a9825a104429dac4bdc24caac02cb58b14f00077f90ab2f50cfd9155365358c,字符串与人工摘录
证据,08_战斗公式资源与物品,固化5,机器结果,证据/08_战斗公式资源与物品/固化5/机器结果/固化5静态证据来源.json,4325,4cd2c672d1b8efa6715214d5ece065358a6e2df74ea3455f4ac660a92247e31d,机器可读结论与断言
证据,08_战斗公式资源与物品,固化51,反汇编,证据/08_战斗公式资源与物品/固化51/反汇编/公式参数K后级零门_固化51.asm,1433,b9ad46813daf7ee0b04e5dd36ad3a56da2583315e6a3e9a6b9abdd3802dbe5f6,近原始机器码与控制流证据
证据,08_战斗公式资源与物品,固化51,反汇编,证据/08_战斗公式资源与物品/固化51/反汇编/公式选择器二至六分派_固化51.asm,3525,905fd14ccea1c17961767f037ab32d304b04da7eaa4692e90db95dbb8516b9cf,近原始机器码与控制流证据
证据,08_战斗公式资源与物品,固化51,反汇编,证据/08_战斗公式资源与物品/固化51/反汇编/公式选择器二至六整数数学实现_固化51.asm,11874,d37f731d9ba13e12ecc58f3b74f32e910ce748bbad4f45c3755321a1dff3a56f,近原始机器码与控制流证据
证据,08_战斗公式资源与物品,固化51,反汇编,证据/08_战斗公式资源与物品/固化51/反汇编/选择器五除数与派生量A正值链_固化51.asm,5979,888e3cdaa2ae4a272942f663dafb9325e9bac8b6dac13955ed52f8d7f6ee464a,近原始机器码与控制流证据
证据,08_战斗公式资源与物品,固化52,文本摘录,证据/08_战斗公式资源与物品/固化52/文本摘录/人工智能候选平坦代价预检查机器码.txt,1096,7a79ce4400bfc72e1b400fad2a995aa05f910e4d8e72804fc430532f50018845,字符串与人工摘录
证据,08_战斗公式资源与物品,固化52,文本摘录,证据/08_战斗公式资源与物品/固化52/文本摘录/绝剑凶号固化52证据摘要.txt,1273,f8bcd8cd526d650b6d7c3ad4c54163010fb6613c045afa4f81ba66ca704e20e9,字符串与人工摘录
证据,08_战斗公式资源与物品,固化52,文本摘录,证据/08_战斗公式资源与物品/固化52/文本摘录/绝剑凶号普通扣除跳过与模式二特例机器码.txt,2875,b582c8b20d8b0308b361b673eda619492d0b802e4ab503f2c8dba7e25a91c512,字符串与人工摘录
证据,08_战斗公式资源与物品,固化52,文本摘录,证据/08_战斗公式资源与物品/固化52/文本摘录/绝剑凶号百分比代价与最低一点夹取机器码.txt,1921,f5a2fa5d4ab4db09e7a0757079f6b1393a871f018c8ae0d946aba8664d63ebfd,字符串与人工摘录
证据,08_战斗公式资源与物品,固化53,反汇编,证据/08_战斗公式资源与物品/固化53/反汇编/五项成长写回与作者界面标签_0x413170_0x443D90.asm,16722,9a68c8fbb175b5fd761510123b1c9cf13739817d044b99d767ed2dd701c97be5,近原始机器码与控制流证据
证据,08_战斗公式资源与物品,固化53,反汇编,证据/08_战斗公式资源与物品/固化53/反汇编/永久能力物品五项能力写入_0x43AFE0_0x43B060.asm,2533,c30976409de60f71d2c29e79a4c951ce6c46e2d29f6ce33ec9bf42070d290df0,近原始机器码与控制流证据
证据,08_战斗公式资源与物品,固化53,反汇编,证据/08_战斗公式资源与物品/固化53/反汇编/膂力与体魄派生公式量_0x42B5A0_0x42BBC0.asm,22776,50d27d813996044206f18994d69e1273c7447129457fdfeff6f06310edd2d548,近原始机器码与控制流证据
证据,08_战斗公式资源与物品,固化53,文本摘录,证据/08_战斗公式资源与物品/固化53/文本摘录/五项作者能力CP950原始字符串.txt,619,0d67665236ef4807d9f17e50f11216b2edb8972af6d066cb1d085043158ecace,字符串与人工摘录
证据,08_战斗公式资源与物品,固化54,反汇编,证据/08_战斗公式资源与物品/固化54/反汇编/Ail2威力与防禦侧修正公式消费_0x42BA00_0x42BBC0.asm,8916,ad94d08e141015246d1f5b223359177bc97af528c9f3efff4901312d828488bc,近原始机器码与控制流证据
证据,08_战斗公式资源与物品,固化54,反汇编,证据/08_战斗公式资源与物品/固化54/反汇编/Ail2数据中心指针桥接_0x4321D0_0x432220.asm,1420,3f11345800112e72afa6eac286911aaf2b971b9f3f2c7f7dc052335b891cbff8,近原始机器码与控制流证据
证据,08_战斗公式资源与物品,固化54,文本摘录,证据/08_战斗公式资源与物品/固化54/文本摘录/Ail2威力与防禦作者文字锚点.txt,4312,8a11118a83ee2f430f16152a283250107537116b3ae1cde3da352022e664bda2,字符串与人工摘录
证据,08_战斗公式资源与物品,固化6,反汇编,证据/08_战斗公式资源与物品/固化6/反汇编/API与Ail2数据加载_00439D70.asm,11734,7775911c23225a45f9e6a35513babcbf3f85af2d3e2288b54abde72fdc539fbc,近原始机器码与控制流证据
证据,08_战斗公式资源与物品,固化6,反汇编,证据/08_战斗公式资源与物品/固化6/反汇编/API主表与运行快照双向整记录复制_0043AB30_0043ACD0.asm,15089,5cf53f8c199bb2e43eab1f84b1b88ed95cb76b1f2f4279f3e6817a58f198919f,近原始机器码与控制流证据
证据,08_战斗公式资源与物品,固化6,反汇编,证据/08_战斗公式资源与物品/固化6/反汇编/BattleRoleDefinition回写API主表_00441F6F.asm,4479,e3daf3472aff7f29ef53e499be7ace411ed40255e02f21a30ef3c906b31408e6,近原始机器码与控制流证据
证据,08_战斗公式资源与物品,固化6,反汇编,证据/08_战斗公式资源与物品/固化6/反汇编/世界特殊物品动作分派_0040CE23.asm,9357,24e98a5c4f7e653653749da8658b70e9383e98fb1549166210760831e68ab50e,近原始机器码与控制流证据
证据,08_战斗公式资源与物品,固化6,反汇编,证据/08_战斗公式资源与物品/固化6/反汇编/物品使用调用0x43AEC0_00437E40.asm,10405,ef460c40cc4963feeafcb03c4cd2c226e418e99d11d3a875c8d33ca0107f2cb3,近原始机器码与控制流证据
证据,08_战斗公式资源与物品,固化6,反汇编,证据/08_战斗公式资源与物品/固化6/反汇编/物品应用与永久字段写入_0043AEC0.asm,14764,c8c23c6c07e431e28ae5c2c52297ee33cedd568c21b9ae34a3742568f14e9cfa,近原始机器码与控制流证据
证据,08_战斗公式资源与物品,固化6,反汇编,证据/08_战斗公式资源与物品/固化6/反汇编/遇敌阈值持续状态_004034C0.asm,11550,33c74238d333c3f47f205ade13f4a66fa77a8f82e95d5a92161eed550af2fc32,近原始机器码与控制流证据
证据,08_战斗公式资源与物品,基础阶段,反汇编,证据/08_战斗公式资源与物品/基础阶段/反汇编/物品效果伤害处理_0042A760-0042B353.asm,52539,6eff3d616a6ad5452f51df802930cf0f825c2c1f60186a44834d5bf156cc8b30,近原始机器码与控制流证据
证据,08_战斗公式资源与物品,基础阶段,反汇编,证据/08_战斗公式资源与物品/基础阶段/反汇编/物品记录指针来源_00420170-00420210.asm,3032,d8b34561929e6129e5fa90fdb2d1156dceca6817a82bbec4d76d31dc56e576e7,近原始机器码与控制流证据
证据,09_战斗状态效果与场域,固化4,反汇编,证据/09_战斗状态效果与场域/固化4/反汇编/ArticleAil2状态解除跳表_0x421690_0x421990.asm,11190,b5627fd01aed57751b7025357c66f0e42a07e49edf3bf1f08339dd02d868977c,近原始机器码与控制流证据
证据,09_战斗状态效果与场域,固化4,反汇编,证据/09_战斗状态效果与场域/固化4/反汇编/Battle每角色更新调用_0x442C70_0x442D10.asm,1960,eae4184683c29b4589e308c8e3137d9acc7999fd2ac0a89604e9ae188193a966,近原始机器码与控制流证据
证据,09_战斗状态效果与场域,固化4,反汇编,证据/09_战斗状态效果与场域/固化4/反汇编/DamageInfo初始化与真实字段_0x42C680_0x42C700.asm,2526,8914d48c69e819f595a7f03e6ecfac85d1fb34cb8860760d0a08370cae7453c2,近原始机器码与控制流证据
证据,09_战斗状态效果与场域,固化4,反汇编,证据/09_战斗状态效果与场域/固化4/反汇编/DamageInfo加44与加48分离证据_0x42CBF0_0x42CC95.asm,3078,3383827e04fd0a858145e903cde9090254f7eaa6d32f0db2c7251947fefbabee,近原始机器码与控制流证据
证据,09_战斗状态效果与场域,固化4,反汇编,证据/09_战斗状态效果与场域/固化4/反汇编/DamageInfo真实基址与五槽Pending写入_0x422AB0_0x422CA9.asm,7915,f35667037d4a073fa2e9ba30be06f3a849fe5c47a4987bfa9849ba8e8bf69d97,近原始机器码与控制流证据
证据,09_战斗状态效果与场域,固化4,反汇编,证据/09_战斗状态效果与场域/固化4/反汇编/FIRTTECH特殊动作分派_0x421A00_0x422040.asm,22650,01464049704041bac46429ff8e95b329f45284105edd3518221cc5d7182433b0,近原始机器码与控制流证据
证据,09_战斗状态效果与场域,固化4,反汇编,证据/09_战斗状态效果与场域/固化4/反汇编/FightRole初始化Pending39与Runtime28清零_0x41F230_0x41F2AF.asm,1889,34616043f14f8e6b3119df9d2dfc6d29ad9406cb90e95568607f47b359724bd6,近原始机器码与控制流证据
证据,09_战斗状态效果与场域,固化4,反汇编,证据/09_战斗状态效果与场域/固化4/反汇编/Pending到Runtime提交_0x42160D_0x421652.asm,1726,1ef368887eee13410d23219c8182ec515d2418be282e076201caa77247fbe310,近原始机器码与控制流证据
证据,09_战斗状态效果与场域,固化4,反汇编,证据/09_战斗状态效果与场域/固化4/反汇编/Runtime状态39槽递减_0x420440_0x420699.asm,9893,2bd013d47a4ae68faedc56373edf3f5eb2f56b05b4bef2d9ea931b523e184f91,近原始机器码与控制流证据
证据,09_战斗状态效果与场域,固化4,反汇编,证据/09_战斗状态效果与场域/固化4/反汇编/五槽映射与残值计算复核_0x42B0D0_0x42B592.asm,20474,d898edfdd5d4b98fc9a04bb4f02f35d0890915ee67bdd9d0eb20737adeaa6b92,近原始机器码与控制流证据
证据,09_战斗状态效果与场域,固化4,反汇编,证据/09_战斗状态效果与场域/固化4/反汇编/失效路径Runtime前28槽清零_0x4231D0_0x4232A0.asm,3485,6ae58b85a842eac415422e7b8cde705d40fe8b02c629a189a1569c161e423b14,近原始机器码与控制流证据
证据,09_战斗状态效果与场域,固化4,反汇编,证据/09_战斗状态效果与场域/固化4/反汇编/结果模式2_DamageInfo真实坐标_0x4212CE_0x421570.asm,9788,68a78bceac900b345256e7387cd71d9f3574e09e02b77a8d5e5ba53c5421b585,近原始机器码与控制流证据
证据,09_战斗状态效果与场域,固化4,文本摘录,证据/09_战斗状态效果与场域/固化4/文本摘录/FIRTTECH特殊动作跳表原始字节_0x422040_0x422120.txt,941,f05145bf9a29e466db8ca750edf1732db7bd27754f4542df7608443e66076599,字符串与人工摘录
证据,09_战斗状态效果与场域,固化40,反汇编,证据/09_战斗状态效果与场域/固化40/反汇编/Battle主逻辑步到39槽递减门控链_0x442920_0x442DDF.asm,18134,b09b62bf3e8c1bcab85e41b40fcdfbb540edf709927ce5e41fd0d8a6bf19f250,近原始机器码与控制流证据
证据,09_战斗状态效果与场域,固化40,反汇编,证据/09_战斗状态效果与场域/固化40/反汇编/Runtime39槽固定减10循环_0x420650_0x42069F.asm,1793,98dc4fae99625fc3cf51255e936cd0f14e8d55b3d3e396637a7c3a30af7c7afd,近原始机器码与控制流证据
证据,09_战斗状态效果与场域,固化44,反汇编,证据/09_战斗状态效果与场域/固化44/反汇编/Battle三十九槽序列化零块与后十一槽写入边界_0x41F166_0x4231E1.asm,20455,78fb1043c4bb82b676a7cc1c1b3b9eb99c3ccb43035112804591f0d4d5903e80,近原始机器码与控制流证据
证据,09_战斗状态效果与场域,固化44,机器结果,证据/09_战斗状态效果与场域/固化44/机器结果/Battle三十九槽序列化零块静态调查结论_固化44.json,3683,9764b3089e6ca03ae7a37e1e0c4aa5173d23ff179364e150ed3a68ae25082fe6,机器可读结论与断言
证据,09_战斗状态效果与场域,固化45,反汇编,证据/09_战斗状态效果与场域/固化45/反汇编/战斗前二十八效果槽生命周期重置调用链_固化45.asm,80644,d834053eafebf3091923226bc5d59f932acedf93b3ad1ff17e7e3ddca1a1584e,近原始机器码与控制流证据
证据,09_战斗状态效果与场域,固化46,反汇编,证据/09_战斗状态效果与场域/固化46/反汇编/ITF0052_selector写入与Section0范围夹取_0x43E460_0x43E720.asm,20113,91ef106cf4b39e7844332d76a4e73711d87d9a4a6af43d7df15cb41a13fe7a89,近原始机器码与控制流证据
证据,09_战斗状态效果与场域,固化46,反汇编,证据/09_战斗状态效果与场域/固化46/反汇编/十四路状态表现子对象构造与ITF0052装载_0x41D160_0x41D3E1.asm,13424,c3ab61dd36e625e6e02b27c34d15d31eb9e79242e6f7673d5431a971af5a66b5,近原始机器码与控制流证据
证据,09_战斗状态效果与场域,固化46,反汇编,证据/09_战斗状态效果与场域/固化46/反汇编/十四路状态表现字段到selector路由_0x41CD79_0x41D114.asm,16934,3fcc360f0ae8f6ea4d88e3d7c6f9c0279852b229595ab01c40ced49568a6e0c6,近原始机器码与控制流证据
证据,09_战斗状态效果与场域,固化46,图像证据,证据/09_战斗状态效果与场域/固化46/图像证据/ITF0052二十三序列联系表.png,7939,313893190eb05a3a6a5a00affeac8607b7140f653a2454b8d1c1918982ec3dc7,资源重建或界面对照
证据,09_战斗状态效果与场域,固化47,反汇编,证据/09_战斗状态效果与场域/固化47/反汇编/七组互反状态表现双分支机器码.asm,14283,1c6c16eae4d8ba9814601fc52abe5c9c36a88cdbab043925f13b3ea7fa85e2ea,近原始机器码与控制流证据
证据,09_战斗状态效果与场域,固化47,反汇编,证据/09_战斗状态效果与场域/固化47/反汇编/对向槽映射与抵消残量机器码.asm,2561,a8e31bf803430afd4e947e334b44d2102648979d6f2586316e3bcda030404f5f,近原始机器码与控制流证据
证据,09_战斗状态效果与场域,固化47,反汇编,证据/09_战斗状态效果与场域/固化47/反汇编/物品专用解除与中毒命蕴对向清除机器码.asm,7531,d657d74b19bbd9fc543eff6bfdb1d64cf1f9f0e7cbf37529b2f71f84dd0f3657,近原始机器码与控制流证据
证据,09_战斗状态效果与场域,固化48,反汇编,证据/09_战斗状态效果与场域/固化48/反汇编/七个单分支状态表现路由_0x41CF50_0x41D120.asm,7191,2bf14d1656b3bf42be761450e28ddbe33d86d1f439c1d9f478f807e43c77c582,近原始机器码与控制流证据
证据,09_战斗状态效果与场域,固化48,反汇编,证据/09_战斗状态效果与场域/固化48/反汇编/化幻提交门控与三种专用状态解除_0x421610_0x4217C8.asm,5843,4755e09e48e8643196889598bde37246cd21ab34bd0b7465bbdc9d589a07bd05,近原始机器码与控制流证据
证据,09_战斗状态效果与场域,固化48,反汇编,证据/09_战斗状态效果与场域/固化48/反汇编/幽冥返召操偶写入与胜负统计排除.asm,2399,b589115b46162b550ab4c594159b69ae9a7be3fe66d8b7cbb7467d21f1ac4f56,近原始机器码与控制流证据
证据,09_战斗状态效果与场域,固化48,反汇编,证据/09_战斗状态效果与场域/固化48/反汇编/普通效果同编号写入协议_0x422C30_0x422C78.asm,1500,6f41f16f411c6d21ea2d88dab2f84e3554a5c73f15f20d710aca610980a7e093,近原始机器码与控制流证据
证据,09_战斗状态效果与场域,固化48,反汇编,证据/09_战斗状态效果与场域/固化48/反汇编/续命护心布尔与化幻冰封操偶结果处理.asm,5031,de33f0efcbb4cffe513630b803cd8f0c4ddd53bc196387187fb1a82bb3c0b854,近原始机器码与控制流证据
证据,09_战斗状态效果与场域,固化48,反汇编,证据/09_战斗状态效果与场域/固化48/反汇编/麻痹与冰封类状态运行时行为_0x420540_0x420640.asm,4551,955c728fff431b715f1fd8147a48281dd3197c1a3a49fe655aa356248b568833,近原始机器码与控制流证据
证据,09_战斗状态效果与场域,固化48,机器结果,证据/09_战斗状态效果与场域/固化48/机器结果/七个单分支状态作者文本与解除锚点.json,14910,09899c3c5d65b96e5cd2ddc1cac2f245a2e8f768ac28eb62afd85a8c9e568187,机器可读结论与断言
证据,09_战斗状态效果与场域,固化49,反汇编,证据/09_战斗状态效果与场域/固化49/反汇编/原始效果八第一处显式清零机器码.asm,811,d76853947ee70b959c37ec1806c26a514370fb8987b34b11f10db5359d8eef7f,近原始机器码与控制流证据
证据,09_战斗状态效果与场域,固化49,反汇编,证据/09_战斗状态效果与场域/固化49/反汇编/原始效果八第二处显式清零机器码.asm,701,0ba28e89c814dc3a173b5e85575b811f30a4bc906f8e25999c25f9f09cd21352,近原始机器码与控制流证据
证据,09_战斗状态效果与场域,固化49,反汇编,证据/09_战斗状态效果与场域/固化49/反汇编/对向表第一字段消费与残量减法机器码.asm,1308,6f9b4940f8916e68632629345be6908fb5b1f51dfa836fd290fe455663c72c10,近原始机器码与控制流证据
证据,09_战斗状态效果与场域,固化49,反汇编,证据/09_战斗状态效果与场域/固化49/反汇编/普通效果同编号待提交写入机器码.asm,1028,db0e78a485e459b58f27e0b301b939bfd1183b1a3d0fa13e50e0ffe1d71cdd88,近原始机器码与控制流证据
证据,09_战斗状态效果与场域,固化49,反汇编,证据/09_战斗状态效果与场域/固化49/反汇编/正值门控机器码.asm,687,3bd22423e5f3212caf003d3f2f49359e3ffaa4020f348844a7622e848bf64efa,近原始机器码与控制流证据
证据,09_战斗状态效果与场域,固化49,文本摘录,证据/09_战斗状态效果与场域/固化49/文本摘录/对向表静态绝对地址引用扫描.txt,498,28bb723a2fa457d420621934b1b50153f04828f0239ccd676be890633471e0fd,字符串与人工摘录
证据,09_战斗状态效果与场域,固化50,反汇编,证据/09_战斗状态效果与场域/固化50/反汇编/十四路状态更新选择器集合_0x41CD79_0x41D119.asm,13715,ad20a286ae6b3208dc92bb00a35bd86e8a3b84ee219ff874ba93ecce3c763208,近原始机器码与控制流证据
证据,09_战斗状态效果与场域,固化50,反汇编,证据/09_战斗状态效果与场域/固化50/反汇编/状态容器专用虚方法与选择器零直调_0x41D920_0x41DB80.asm,9914,a7fee17fd15a3da664bbce90937a07e90c0af2aaf75e919a4edcb2dd71a0c32e,近原始机器码与控制流证据
证据,09_战斗状态效果与场域,固化50,反汇编,证据/09_战斗状态效果与场域/固化50/反汇编/状态容器十四子对象析构循环_0x41D720_0x41D920.asm,8084,bf8def06200991b746bcdade1a83b109c28736dc5fd2afddb2557705c0653648,近原始机器码与控制流证据
证据,09_战斗状态效果与场域,固化50,反汇编,证据/09_战斗状态效果与场域/固化50/反汇编/状态容器唯一构造与十四子对象初始化_0x41C520_0x41D3E3.asm,57718,4b94578f6ecb3d3d769f75930ebca680152f9d9a85cdf90920e8da064092aa27,近原始机器码与控制流证据
证据,09_战斗状态效果与场域,固化58,反汇编,证据/09_战斗状态效果与场域/固化58/反汇编/Battle主更新双实例Tick_原版_00442ca2_00442cc3.asm,475,e1b589a900f76c32a0c2451427d4563077de4122784fb386d658df4af0c9a236,近原始机器码与控制流证据
证据,09_战斗状态效果与场域,固化58,反汇编,证据/09_战斗状态效果与场域/固化58/反汇编/Battle共享后段九槽提交路由_原版_00420048_00420120.asm,3662,7e63a60abdfe7d60a735e7369e2ed07ad43ef42f443285e0657079ecd2575146,近原始机器码与控制流证据
证据,09_战斗状态效果与场域,固化58,反汇编,证据/09_战斗状态效果与场域/固化58/反汇编/Battle共享后段九槽提交路由_研究版_00420048_00420120.asm,3638,ac77f0781cf0070db1ab40cd97082ca78ac97964da42d9dce2e09b1b60d8d2e7,近原始机器码与控制流证据
证据,09_战斗状态效果与场域,固化58,反汇编,证据/09_战斗状态效果与场域/固化58/反汇编/九槽双实例初始化与锚点选择_原版_0044283e_00442875.asm,848,fc9e1034db07e12ed3a8bf3f12bf1f07af19525337ff0379909c68ce209ffc23,近原始机器码与控制流证据
证据,09_战斗状态效果与场域,固化58,反汇编,证据/09_战斗状态效果与场域/固化58/反汇编/九槽持续场域表现管理器_原版_0043da30_0043ddc6.asm,17702,a3624e193ffca6d0e8a7b7bf4adc5e525e0613b6b208020192132865f23769b9,近原始机器码与控制流证据
证据,09_战斗状态效果与场域,固化58,反汇编,证据/09_战斗状态效果与场域/固化58/反汇编/九槽持续场域表现管理器_研究版_0043da30_0043ddc6.asm,17678,0315961926ad8a82aab6db8792086ce18c9292ecd982949217ceec12125a908e,近原始机器码与控制流证据
证据,09_战斗状态效果与场域,固化58,反汇编,证据/09_战斗状态效果与场域/固化58/反汇编/角色失效Owner清理_原版_00423280_004232c1.asm,1134,6c60a91974a9c04f390b30d65be2e0f0b7a92863f7e1f96097382c0f2bbbe24a,近原始机器码与控制流证据
证据,09_战斗状态效果与场域,固化58,反汇编,证据/09_战斗状态效果与场域/固化58/反汇编/角色资源归零Owner清理_原版_004211fe_00421238.asm,955,0a885c620920584f530551f20942c956ab7ac1416a90ca58ca5a38b3e540154c,近原始机器码与控制流证据
证据,09_战斗状态效果与场域,固化58,文本摘录,证据/09_战斗状态效果与场域/固化58/文本摘录/九项EFF资源与FIRTTECH映射表_原版_0046bb94_0046bc94.txt,1520,cc1762831351fb99a52579ff809dc9dc0c0832fff9ca294a13708206c9114f60,字符串与人工摘录
证据,09_战斗状态效果与场域,固化58,机器结果,证据/09_战斗状态效果与场域/固化58/机器结果/multimedia九项EFF实体存在性核对_固化58.json,430,0f38478842314e3ba87b888427212a26759d3e8f5266aeea13411b72fdbf58b6,机器可读结论与断言
证据,09_战斗状态效果与场域,固化59,反汇编,证据/09_战斗状态效果与场域/固化59/反汇编/Owner活动场域阻挡特定状态转换_原版_00442D01_00442D5D.asm,1282,127033671206f8ce9843723a5435640c6f7936e580dc08cd969eb8defa1a3cad,近原始机器码与控制流证据
证据,09_战斗状态效果与场域,固化59,反汇编,证据/09_战斗状态效果与场域/固化59/反汇编/九槽有效性谓词与Owner查询_原版_0043DA50_0043DCAB.asm,11850,66e9d6ba91a5c90b84c34f2d5652c68b3f32fab48daa915f3d941ff369fc13e1,近原始机器码与控制流证据
证据,09_战斗状态效果与场域,固化59,反汇编,证据/09_战斗状态效果与场域/固化59/反汇编/九槽有效性谓词与Owner查询_研究版_0043DA50_0043DCAB.asm,11826,471131f60cddf98ae927f53ffbcc0c778254ef2b9082a584dbe284de5c583ba7,近原始机器码与控制流证据
证据,09_战斗状态效果与场域,固化59,反汇编,证据/09_战斗状态效果与场域/固化59/反汇编/双管理器指针绑定与别名_原版_节选.asm,2996,6da10ae5eafb754ce41573d847068dd5d001104da3ed9484be52646e7804a2ab,近原始机器码与控制流证据
证据,09_战斗状态效果与场域,固化59,反汇编,证据/09_战斗状态效果与场域/固化59/反汇编/反咒禁制六甲神仪DamageInfo清零_原版_0042CA07_0042CA65.asm,1946,5e427af783cfd062c9a5b8cda078bbdcfaa75f0f38da3bdf23a45f59d9745b03,近原始机器码与控制流证据
证据,09_战斗状态效果与场域,固化59,反汇编,证据/09_战斗状态效果与场域/固化59/反汇编/反咒禁制菜单与AI消费_原版_节选.asm,8835,2ca4049491070a82c851cc506fb968b71f91b80f3dc9d0d82ca9485f8f1aa276,近原始机器码与控制流证据
证据,09_战斗状态效果与场域,固化59,反汇编,证据/09_战斗状态效果与场域/固化59/反汇编/场域有效性查询包装器_原版_00423070_0042BF84_节选.asm,3891,826c1285c2bb83fc9930511640485167f0a80a541044c1af86620a1fb35d2a0b,近原始机器码与控制流证据
证据,09_战斗状态效果与场域,固化59,反汇编,证据/09_战斗状态效果与场域/固化59/反汇编/时轮返阵鬼缚之阵计时百分比消费_原版_节选.asm,15918,4b0b1895ef4cfb968c0bdebbcd7d0283dac77c62396321ebe86b5ac9ab9965fc,近原始机器码与控制流证据
证据,09_战斗状态效果与场域,固化59,反汇编,证据/09_战斗状态效果与场域/固化59/反汇编/阈迦封界结果拦截与次资源代价_原版_004211C5_00421374_节选.asm,4332,dc13396178a782dd44263fce995103c2c16250f6ace52876eb051091b93fce79,近原始机器码与控制流证据
证据,09_战斗状态效果与场域,固化59,反汇编,证据/09_战斗状态效果与场域/固化59/反汇编/鬼唳天幕与阈迦封界公式侧消费_原版_多区间.asm,12729,d657cb9ea99627d94ff505f545ed7b0986daf44a750f9139c11308ea9eb2115e,近原始机器码与控制流证据
证据,09_战斗状态效果与场域,固化60,反汇编,证据/09_战斗状态效果与场域/固化60/反汇编/九项场域槽建立_原版_0043DB20_0043DC01.asm,3928,24e522777858a733a7d63c2870d65c6a14edcbfa37184682e619b207efaccda1,近原始机器码与控制流证据
证据,09_战斗状态效果与场域,固化60,反汇编,证据/09_战斗状态效果与场域/固化60/反汇编/场域相对阵营路由_原版_00420048_00420113.asm,3437,e35a8ef0392dea931b82573e953968c96078e0fd2f071b0ddefa0cb100541533,近原始机器码与控制流证据
证据,09_战斗状态效果与场域,固化60,反汇编,证据/09_战斗状态效果与场域/固化60/反汇编/场域相对阵营路由_研究版_00420048_00420113.asm,3413,b3870feee0e0d3175bb1e25c685e71487e50cc8b384fa3fc954994212edf3da7,近原始机器码与控制流证据
证据,09_战斗状态效果与场域,固化60,机器结果,证据/09_战斗状态效果与场域/固化60/机器结果/场域相对阵营路由关键区间双版本等价.json,1774,0e58bd52bc5537bd0fae2f6f810810aa4c54dfeecbc57abc3c642b98c3e85f9c,机器可读结论与断言
证据,09_战斗状态效果与场域,固化63,反汇编,证据/09_战斗状态效果与场域/固化63/反汇编/manager对象范围三个跨指令假候选核对_原版_节选.asm,6786,b81f854843ea16e9338babf5f1cd46601d52819ec0a6b8c477415116414dba41,近原始机器码与控制流证据
证据,09_战斗状态效果与场域,固化63,反汇编,证据/09_战斗状态效果与场域/固化63/反汇编/九槽manager完整方法主体_原版_0043DA00_0043DCBF.asm,14165,63b7e9cf77d4926ad41d4d6c581b3ca319e27481b374e8567ad374bc2a480dd7,近原始机器码与控制流证据
证据,09_战斗状态效果与场域,固化63,反汇编,证据/09_战斗状态效果与场域/固化63/反汇编/双manager绑定查询重置生命周期与已知consumer引用面_原版_多区间.asm,30624,9f8e79aed1359e3e608997e4e908eea981643749b08f2f614564e7ca6f408cc8,近原始机器码与控制流证据
证据,10_战斗动作结果与表现,固化15,反汇编,证据/10_战斗动作结果与表现/固化15/反汇编/布局队伍记录选择与整记录复制_0x424430_0x424551.asm,5456,f4bafe0a355525140ba10b02c98b0a450fd74323e7488f8fbbd1490e00d90916,近原始机器码与控制流证据
证据,10_战斗动作结果与表现,固化15,反汇编,证据/10_战斗动作结果与表现/固化15/反汇编/幽冥返召操偶状态写入_0x421FED_0x422024.asm,856,af25ecef92900e5333029131181121b855eca6a7cfdafe40bfeb8dd45579d92e,近原始机器码与控制流证据
证据,10_战斗动作结果与表现,固化15,反汇编,证据/10_战斗动作结果与表现/固化15/反汇编/战斗初始化布局队伍奖励记录写入_0x4423A0_0x4423F8.asm,1237,8069c6aa38886f1793cdcf438dd770c370c882a6226e7c68a42bddf49c501836,近原始机器码与控制流证据
证据,10_战斗动作结果与表现,固化15,反汇编,证据/10_战斗动作结果与表现/固化15/反汇编/战斗结束高层返回与角色回写链_0x4328A0_0x432A1C.asm,5375,65e0c0f5df4d0b2ec31aa42fb68b21b34a12ab05f86b4030cbb6397d2900421a,近原始机器码与控制流证据
证据,10_战斗动作结果与表现,固化15,反汇编,证据/10_战斗动作结果与表现/固化15/反汇编/战斗结果与胜利奖励主链_0x443660_0x443B39.asm,18039,533b4d63f2121084fcd880fd8785534124da786f3ca6803bc4a68c318ada01aa,近原始机器码与控制流证据
证据,10_战斗动作结果与表现,固化15,反汇编,证据/10_战斗动作结果与表现/固化15/反汇编/战斗胜负判定器_0x443590_0x443659.asm,3811,ff0bf2d19a70944a7e538cd35de8ecf50ed5ce964567b547f7ef941a4b80415f,近原始机器码与控制流证据
证据,10_战斗动作结果与表现,固化15,反汇编,证据/10_战斗动作结果与表现/固化15/反汇编/特殊结束倒计时初始化_DataCenter加F4_0x40D3EE_0x40D459.asm,1499,0a5b92b8c2e725b50507115e596c874a73460b075eed650ad70c6abb933fa3bb,近原始机器码与控制流证据
证据,10_战斗动作结果与表现,固化15,反汇编,证据/10_战斗动作结果与表现/固化15/反汇编/特殊结束倒计时递减_0x442920_0x44297F.asm,1431,e7e7dfe7f443c7a29d8f5cc0b9089675934de2acc177700a1b04f8f26209edd6,近原始机器码与控制流证据
证据,10_战斗动作结果与表现,固化15,反汇编,证据/10_战斗动作结果与表现/固化15/反汇编/经验升级处理_0x443B60_0x443D31.asm,9358,bb2df63f027d61e83f87d777ae39ea2fb39a57e45e6ce5503e5455c9519afb61,近原始机器码与控制流证据
证据,10_战斗动作结果与表现,固化15,反汇编,证据/10_战斗动作结果与表现/固化15/反汇编/金钱增加扣除读取_0x439820_0x439876.asm,1846,5241b4e119d3476c731008f906393db159b10c5a943d341ce3fc2a670f7ffb4d,近原始机器码与控制流证据
证据,10_战斗动作结果与表现,固化15,机器结果,证据/10_战斗动作结果与表现/固化15/机器结果/战斗结果与奖励原版CP950文本.json,1637,95afd397990e2f54416cb2ccd6154069e6db5f92b47f547c611a89d45f5175ad,机器可读结论与断言
证据,10_战斗动作结果与表现,固化16,反汇编,证据/10_战斗动作结果与表现/固化16/反汇编/事件指令37战斗启动与伏龙A计数器初始化_0x40D200_0x40D510.asm,10887,ba92a1add622d2e800463485db90accdfc264af50f7390c231710ed253fbac0d,近原始机器码与控制流证据
证据,10_战斗动作结果与表现,固化16,反汇编,证据/10_战斗动作结果与表现/固化16/反汇编/伏龙A特殊结束判定_0x443590_0x443670.asm,4995,e097b3861bb776eb79df1e39e063debba6c6236e0e29ee82f7ed2125ccccf236,近原始机器码与控制流证据
证据,10_战斗动作结果与表现,固化16,反汇编,证据/10_战斗动作结果与表现/固化16/反汇编/伏龙A特殊结束计数器递减_0x442920_0x442980.asm,2457,66f93403c4b5267afb335655c3bc40f0c3b8cd5700b19b99cd3a22537d5c5f03,近原始机器码与控制流证据
证据,10_战斗动作结果与表现,固化16,反汇编,证据/10_战斗动作结果与表现/固化16/反汇编/布局组候选队伍选择_0x424430_0x4245B0.asm,8004,59d48d70a6ddd7d218b8e9ce7f38dfd526502752b0cdb0140fc333326472d8a1,近原始机器码与控制流证据
证据,10_战斗动作结果与表现,固化16,反汇编,证据/10_战斗动作结果与表现/固化16/反汇编/战斗对象构造与主更新虚表_0x441D10_0x441E20.asm,3619,2a09226b1d7f8ff1b8a5ccba22146c6c2bf85b29dccb9c3198250f640f9c96f5,近原始机器码与控制流证据
证据,10_战斗动作结果与表现,固化16,反汇编,证据/10_战斗动作结果与表现/固化16/反汇编/高层战斗结束映射与角色回写_0x4328A0_0x432A20.asm,6073,a7599bc8950e54554e1f4f9beb72f1fafa8ccaad3b6fab6bb23b3bbc9a58240d,近原始机器码与控制流证据
证据,10_战斗动作结果与表现,固化17,原始资源样本,证据/10_战斗动作结果与表现/固化17/原始资源样本/FANIN_原始资源.SF2,19746,2a31409d90b7dc75941c633a5f2d0825ef9c3fa00938d7f44c98440924404ea4,保持原字节的复核输入
证据,10_战斗动作结果与表现,固化17,原始资源样本,证据/10_战斗动作结果与表现/固化17/原始资源样本/FANOUT_原始资源.SF2,18476,6849e8ea94ee486b898ed13eb7b87ce96b585c34395221de735cb3ce1efe42b8,保持原字节的复核输入
证据,10_战斗动作结果与表现,固化17,反汇编,证据/10_战斗动作结果与表现/固化17/反汇编/Battle容器析构与全局指针清理_00432130-004321E0.asm,2830,19370495492a7cd2a2afa7a3382319b380eb74eb11d368ca6a657aa535363ee1,近原始机器码与控制流证据
证据,10_战斗动作结果与表现,固化17,反汇编,证据/10_战斗动作结果与表现/固化17/反汇编/EVE战斗指令创建Battle容器_0040D3E0-0040D510.asm,4231,f171062ab2870434f072f832688fbee910a2c468df0c7dafe1f8c8bc21a11c44,近原始机器码与控制流证据
证据,10_战斗动作结果与表现,固化17,反汇编,证据/10_战斗动作结果与表现/固化17/反汇编/EVE战斗指令异步等待结果_0040D200-0040D370.asm,5098,aed2bf1a23135e4fa42bce3d27cba87ab4037f4a83ca6afc81050f61b5751e57,近原始机器码与控制流证据
证据,10_战斗动作结果与表现,固化17,反汇编,证据/10_战斗动作结果与表现/固化17/反汇编/战斗结果外层界面构造更新与启动_00411FB0-004124D0.asm,20395,bb037a90fde19932ca2c5d418c648ff0a2994f567ad3f9c7159084a99bf82b22,近原始机器码与控制流证据
证据,10_战斗动作结果与表现,固化17,反汇编,证据/10_战斗动作结果与表现/固化17/反汇编/战斗结果容器构造与提交时序_00432090-00432A20.asm,36305,b421245fd2892ef8a1a9bbac4ec7dceb4c2bece55a3fb3bc12279f7d6f840b67,近原始机器码与控制流证据
证据,10_战斗动作结果与表现,固化17,反汇编,证据/10_战斗动作结果与表现/固化17/反汇编/战斗结果文本与奖励填充_00443660-00443B50.asm,18265,f37ba4ab20aae1f2831c4c6045695681b4cd735f0b02d5f8d97439791d24aff8,近原始机器码与控制流证据
证据,10_战斗动作结果与表现,固化17,反汇编,证据/10_战斗动作结果与表现/固化17/反汇编/战斗结果明细界面构造更新与启动_00412570-00413430.asm,55035,9ee3b6a5ee080d1a3a09e1bd667c9aaf9a730afe3fd54cfff4221bccb2ac2a93,近原始机器码与控制流证据
证据,10_战斗动作结果与表现,固化17,反汇编,证据/10_战斗动作结果与表现/固化17/反汇编/效果管理器FANIN创建路径_0042D4D0-0042D700.asm,9585,0a9b9f825a1b243477917d4338ad69be61a12564212fef60e1e2a1056a73d6f4,近原始机器码与控制流证据
证据,10_战斗动作结果与表现,固化17,图像证据,证据/10_战斗动作结果与表现/固化17/图像证据/FANIN_原始资源_Section1_0000.png,1943,a40733d07da9d4f3be9713747278b7c13a780e3c48c67e69a3ad2b02af0dbf97,资源重建或界面对照
证据,10_战斗动作结果与表现,固化17,机器结果,证据/10_战斗动作结果与表现/固化17/机器结果/FANIN_FANOUT来源与哈希.json,501,5ad2a02f12f429a2c348946886828e5ade5870ad9c67a41d6e36907bed8f2898,机器可读结论与断言
证据,10_战斗动作结果与表现,固化17,机器结果,证据/10_战斗动作结果与表现/固化17/机器结果/FANIN_FANOUT黑幕转场资源回归.json,4771,79bd66a90e2eedf6c58d6d82c4493ff76d5d9719cbb4357d6959280fe0a399c5,机器可读结论与断言
证据,10_战斗动作结果与表现,固化17,机器结果,证据/10_战斗动作结果与表现/固化17/机器结果/FANIN_资源解析.json,20321,21492ef20c60ffd370e7784005e3acac35f3e2f06775fcb38afdf974f6726d0a,机器可读结论与断言
证据,10_战斗动作结果与表现,固化17,机器结果,证据/10_战斗动作结果与表现/固化17/机器结果/FANOUT_资源解析.json,11215,c62982235ca13e7ad5e493893a6d1f0ff04c1a0c1ba1ecc5c5b3e196a54fe6df,机器可读结论与断言
证据,10_战斗动作结果与表现,固化43,反汇编,证据/10_战斗动作结果与表现/固化43/反汇编/D7结果分派参数4与detector4改写链_0x4320C6_0x443B39.asm,30399,b3ec78ec3120d5f4343ea957a46126472bf42d6ba000ae64f07a2bf7f09168f5,近原始机器码与控制流证据
证据,10_战斗动作结果与表现,固化55,反汇编,证据/10_战斗动作结果与表现/固化55/反汇编/Battle动作类四同参双调用_0x422AB0_0x422C21.asm,5720,70d62119c51e1797e721928b2fd7d17cc2cbb114c520409805ce5729fc5b6d6c,近原始机器码与控制流证据
证据,10_战斗动作结果与表现,固化55,反汇编,证据/10_战斗动作结果与表现/固化55/反汇编/FIRTTECH五参数转发_0x42A7A0_0x42A7C0.asm,749,4b1f070259face9fa37001b7bb64b1713e1f3a5accbbb13fb365fa565b58efd5,近原始机器码与控制流证据
证据,10_战斗动作结果与表现,固化55,反汇编,证据/10_战斗动作结果与表现/固化55/反汇编/FIRTTECH动作类四固定输出_0x42C680_0x42CC93.asm,28542,57f4166003346a469928226fefcf5ed42ce7a6970bcbda9477c2de676b4ad8ba,近原始机器码与控制流证据
证据,10_战斗动作结果与表现,固化55,文本摘录,证据/10_战斗动作结果与表现/固化55/文本摘录/RPG原版与研究版补丁簇反汇编_固化55.txt,16980,5faf5c081246f2812394690dbd183913a43229b58dd7ea05767e7ef8cc2e72bf,字符串与人工摘录
证据,10_战斗动作结果与表现,固化55,机器结果,证据/10_战斗动作结果与表现/固化55/机器结果/Battle动作类四静态调查结论_固化55.json,3697,cb902a1ba02b699f36a372484a662ed46c34e197665125dfbe7500930700cda7,机器可读结论与断言
证据,10_战斗动作结果与表现,固化56,二进制片段,证据/10_战斗动作结果与表现/固化56/二进制片段/原版_动作分派范围.bin,511,66cfd56bebf05c61fb0e49c9018a48a82405516bec6ef279020cb6db3371bfba,固定地址原始代码字节
证据,10_战斗动作结果与表现,固化56,二进制片段,证据/10_战斗动作结果与表现/固化56/二进制片段/原版_招式主计算器范围.bin,1556,93ecb73e835cef8079ab5d5843f40e0f4eeb157a753c6b8d5c52d96115ec0f2d,固定地址原始代码字节
证据,10_战斗动作结果与表现,固化56,二进制片段,证据/10_战斗动作结果与表现/固化56/二进制片段/原版_结果应用主范围.bin,1978,68844a8e51d7d86547fd233d60e0a32c53881fa27eea30b0c89eea7503a0dc90,固定地址原始代码字节
证据,10_战斗动作结果与表现,固化56,二进制片段,证据/10_战斗动作结果与表现/固化56/二进制片段/原版_结果显示请求队列写入范围.bin,103,4d77c50160de39222df5fc26ae3e3765d17fe2423408b7d6bc412157b4d95bf4,固定地址原始代码字节
证据,10_战斗动作结果与表现,固化56,文本摘录,证据/10_战斗动作结果与表现/固化56/文本摘录/原版_类五六关键路径反汇编.txt,67704,2ef19ec3f8f4d0a90a65c9766a1006118ba73f18307e470e90887ce18a0ed36b,字符串与人工摘录
证据,10_战斗动作结果与表现,固化56,机器结果,证据/10_战斗动作结果与表现/固化56/机器结果/类五六关键代码区双版本等价.json,1742,a58ec2fadcbb72d8b99796f3ae23cf5a34c920bf1bb83b0c4aad01c1db766d79,机器可读结论与断言
证据,10_战斗动作结果与表现,固化57,反汇编,证据/10_战斗动作结果与表现/固化57/反汇编/Battle动作开始与后段共享表现_原版_0041fbe0_00420163.asm,22706,bc305db259c071daff69cdff397202cb4e914c183c059b42187809bff1e59291,近原始机器码与控制流证据
证据,10_战斗动作结果与表现,固化57,反汇编,证据/10_战斗动作结果与表现/固化57/反汇编/Battle动作开始与后段共享表现_研究版_0041fbe0_00420163.asm,22688,1affc06a8142d6e7955730ef827abfda828a17f21cd89c01d43d784b3ba9a04b,近原始机器码与控制流证据
证据,10_战斗动作结果与表现,固化57,反汇编,证据/10_战斗动作结果与表现/固化57/反汇编/Battle招式名组件创建_原版_00441d72_00441da6.asm,821,21ff5d906e5c5282367c7981fee3ee0ddca6cbb483e074b5f9524f5f38bcd0a3,近原始机器码与控制流证据
证据,10_战斗动作结果与表现,固化57,反汇编,证据/10_战斗动作结果与表现/固化57/反汇编/Battle招式名组件创建_研究版_00441d72_00441da6.asm,803,a6aa05e336f4515d34f30d9e235ba7e386aebcbc326ef79993b3a158480a9d8e,近原始机器码与控制流证据
证据,10_战斗动作结果与表现,固化57,反汇编,证据/10_战斗动作结果与表现/固化57/反汇编/战斗地板组件创建与四子对象状态切换_原版_00432518_004342a2.asm,127372,d455c9664bc7d542f92efcb2a04d788f99536053b7917335229267fe8c814b55,近原始机器码与控制流证据
证据,10_战斗动作结果与表现,固化57,反汇编,证据/10_战斗动作结果与表现/固化57/反汇编/战斗地板组件创建与四子对象状态切换_研究版_00432518_004342a2.asm,127354,ce52a783d6af2f22d1acc2eedec5ef2a502284524dc96b712da117b546e16394,近原始机器码与控制流证据
证据,10_战斗动作结果与表现,固化57,反汇编,证据/10_战斗动作结果与表现/固化57/反汇编/招式名显示组件构造与状态机_原版_00447110_004473e5.asm,11202,55d6d6a27a70d24c8a373de0b7637b24810a116766135b2c6b358f0126bc939d,近原始机器码与控制流证据
证据,10_战斗动作结果与表现,固化57,反汇编,证据/10_战斗动作结果与表现/固化57/反汇编/招式名显示组件构造与状态机_研究版_00447110_004473e5.asm,11184,590cc43b3cc8c2be8ba563b46b5813d1ba1b3ae12450944005f8026a995e92f0,近原始机器码与控制流证据
证据,10_战斗动作结果与表现,固化57,文本摘录,证据/10_战斗动作结果与表现/固化57/文本摘录/招式名组件与战斗地板全局引用摘录_固化57.txt,1365,b3354fbf543fef8cc270569f2c132460b63612b97bcad7d1aa0ea2964ec7e7b6,字符串与人工摘录
证据,10_战斗动作结果与表现,固化57,机器结果,证据/10_战斗动作结果与表现/固化57/机器结果/MEN0018结构解析_固化57.json,2800,c1a5f020a65fd05a4f7f175daffeefda93948a44f53e2c92acd49b13c03965f6,机器可读结论与断言
证据,10_战斗动作结果与表现,固化57,机器结果,证据/10_战斗动作结果与表现/固化57/机器结果/MenusDir全量提取验证_固化57.json,29971,9706901373589ad9e8dc8617d457018b42a1b9d8eb07a7b18c6fda4f196f1906,机器可读结论与断言
证据,10_战斗动作结果与表现,固化61,反汇编,证据/10_战斗动作结果与表现/固化61/反汇编/Battle外FIRTTECH恢复调用点一_0x43C1D0_0x43C1EA.asm,450,430fe84a542adbd80a9408d3781cc2d20d2519bb89e09546f9ef0678c654b339,近原始机器码与控制流证据
证据,10_战斗动作结果与表现,固化61,反汇编,证据/10_战斗动作结果与表现/固化61/反汇编/Battle外FIRTTECH恢复调用点二_0x43C325_0x43C345.asm,602,e8cf0e1888e5f1f9ef61ad3f9576cea155ccfd8b7eb927ac48bb61c99742e856,近原始机器码与控制流证据
证据,10_战斗动作结果与表现,固化61,反汇编,证据/10_战斗动作结果与表现/固化61/反汇编/Battle外FIRTTECH模式二双资源恢复循环_0x43B170_0x43B30F.asm,7492,e5da2aaf54d882b3be399bd7d6619245b8cf9637876c315bcc3c5c817e8485d1,近原始机器码与控制流证据
证据,10_战斗动作结果与表现,固化61,反汇编,证据/10_战斗动作结果与表现/固化61/反汇编/FIRTTECH模式一目标主资源max比例helper_0x42C260_0x42C454.asm,9191,29aa4479ac9ed8e21d19d2fe34ed33cc27988a32dfddad07a9932ea23cb30262,近原始机器码与控制流证据
证据,10_战斗动作结果与表现,固化61,反汇编,证据/10_战斗动作结果与表现/固化61/反汇编/FIRTTECH模式二三双资源有符号结果helper_0x42C460_0x42C4CC.asm,2314,b76c3021cec6f46c98eeb20e175c4be0830b00e354fbd69068383f49795e5fd6,近原始机器码与控制流证据
证据,10_战斗动作结果与表现,固化61,反汇编,证据/10_战斗动作结果与表现/固化61/反汇编/FIRTTECH模式零一通用附加结果helper_0x42C4D0_0x42C60E.asm,5697,18c1ed273705ef90fc86a11794e681b4f1725ea351895aaef18a9ba6482fdd8c,近原始机器码与控制流证据
证据,10_战斗动作结果与表现,固化61,反汇编,证据/10_战斗动作结果与表现/固化61/反汇编/FIRTTECH模式零随机结果helper_0x42BF90_0x42C254.asm,12530,1bfbac661fcc0473b5d54f08348d29e0319612e5e73997eb829b67fd1415395e,近原始机器码与控制流证据
证据,10_战斗动作结果与表现,固化61,反汇编,证据/10_战斗动作结果与表现/固化61/反汇编/FIRTTECH结果模式分派与结果落地_0x42C8D7_0x42CC2B.asm,15914,69cd2e5a9558d6a35243cba0b8b16b08c53924de8d0194b969d797c027ce804a,近原始机器码与控制流证据
证据,10_战斗动作结果与表现,固化64,反汇编,证据/10_战斗动作结果与表现/固化64/反汇编/原版_0x420F1D_来源依赖写入与类六跳过.asm,1506,796d479fb89e404cc17e51fbb626c610b3cac1c1f835d0c14c408af10e4a32d0,近原始机器码与控制流证据
证据,10_战斗动作结果与表现,固化64,反汇编,证据/10_战斗动作结果与表现/固化64/反汇编/原版_0x4214D3_BC6第一结果通道抑制.asm,2733,cc74342cba2c69a25bef1a2313c2e97925e28eb283196a56400ce023d1255435,近原始机器码与控制流证据
证据,10_战斗动作结果与表现,固化64,反汇编,证据/10_战斗动作结果与表现/固化64/反汇编/原版_0x422530_来源依赖消费者.asm,11791,265233731beb4f10395c4b31f10c847a70efa9c755f0a87b434c3ad0ef2cbde2,近原始机器码与控制流证据
证据,10_战斗动作结果与表现,固化64,反汇编,证据/10_战斗动作结果与表现/固化64/反汇编/原版_0x423738_BC6专用动作请求.asm,1444,9e447f647e36140efca5783640ffa7f4cbfd441e881a16b2a154aa8b4c56846a,近原始机器码与控制流证据
证据,10_战斗动作结果与表现,固化64,反汇编,证据/10_战斗动作结果与表现/固化64/反汇编/原版_0x442CC3_BC0BC6动作结束门.asm,2107,ce2d39ebf99775e08c9f42bfeab52be68486c1ad6ff3d4628547f9d880a43a5e,近原始机器码与控制流证据
证据,10_战斗动作结果与表现,固化64,反汇编,证据/10_战斗动作结果与表现/固化64/反汇编/原版_0x443310_类五六动作状态路由.asm,5320,697cfe90f9935b60ddb58e8672e77a835777159938a7b15af1b8d133c5ed7fef,近原始机器码与控制流证据
证据,10_战斗动作结果与表现,固化64,反汇编,证据/10_战斗动作结果与表现/固化64/反汇编/原版_0x445FB0_BC0角色候选缓存排除.asm,1995,66369b3ebb17c0f5409924b0967d11513edc91b6e58a9459734a3c917a90e9a7,近原始机器码与控制流证据
证据,10_战斗动作结果与表现,固化64,机器结果,证据/10_战斗动作结果与表现/固化64/机器结果/反汇编证据清单.json,1457,93648726ae8c84ffd013963aed90c41e5e8396e63946fa9fad29a2f461270cbc,机器可读结论与断言
证据,10_战斗动作结果与表现,固化65,反汇编,证据/10_战斗动作结果与表现/固化65/反汇编/原版_FightRole数组步长与CE4消费者_00445FB0_0044600E.asm,1635,a836eaf1ed035355b9073a2f5dbe56f1af43ddd0db9a7bb804accdeaa03c602b,近原始机器码与控制流证据
证据,10_战斗动作结果与表现,固化65,反汇编,证据/10_战斗动作结果与表现/固化65/反汇编/原版_统一状态指针正反别名与十六槽步进_00442BEB_00442CE0.asm,3231,d104ccba58b30f4360861e5e159b447812c19d4ce6d018786605aa201c118832,近原始机器码与控制流证据
证据,10_战斗动作结果与表现,固化65,反汇编,证据/10_战斗动作结果与表现/固化65/反汇编/原版_角色索引FightRole与统一状态成对构造_00443310_00443518.asm,8406,42a4940a5417dea0e8c1febf5cd0d8a8acb36ba184bed2890eece2d6e8fd7882,近原始机器码与控制流证据
证据,10_战斗动作结果与表现,固化65,机器结果,证据/10_战斗动作结果与表现/固化65/机器结果/反汇编证据清单.json,1335,c12b2d65b911fa99c895e50b2f4402863e7c14ed2f8902fcaa44cf4c4785ab84,机器可读结论与断言
证据,10_战斗动作结果与表现,固化66,反汇编,证据/10_战斗动作结果与表现/固化66/反汇编/原版_Battle顶层Tick与统一状态局部状态机_00442920_00442C23.asm,12030,8baa14f93ce001ce57391ebb83e3b4dd265f48056076b3969abcdfb5e4f5f7f0,近原始机器码与控制流证据
证据,10_战斗动作结果与表现,固化66,反汇编,证据/10_战斗动作结果与表现/固化66/反汇编/原版_统一状态Battle分派与数组消费者_00442E90_0044313A.asm,9146,3801fe8032ff24afc2fa2d9fd9d476786991a4785d878ec7414f0b0764ac97ca,近原始机器码与控制流证据
证据,10_战斗动作结果与表现,固化66,反汇编,证据/10_战斗动作结果与表现/固化66/反汇编/原版_统一状态收尾与BC0BC6保留门_00442CC3_00442DBE.asm,3311,7bb177c11603d75c7cdf1ee343c5b738d4e0dc54e84380ad6bcfcdee9fe94b45,近原始机器码与控制流证据
证据,10_战斗动作结果与表现,固化66,反汇编,证据/10_战斗动作结果与表现/固化66/反汇编/原版_统一状态直接写入路径_00443310_00443586.asm,10133,477be3376c69ca80485efe17c933cfb2f2ab058994f82b9a0d6a7817a6b7d7b5,近原始机器码与控制流证据
证据,10_战斗动作结果与表现,固化66,机器结果,证据/10_战斗动作结果与表现/固化66/机器结果/反汇编证据清单.json,1704,2b2a801ede89d5e68e99e679d471f58731f3a10bf3b93fc86cc445f40b9faed8,机器可读结论与断言
证据,10_战斗动作结果与表现,固化67,反汇编,证据/10_战斗动作结果与表现/固化67/反汇编/原版_BBD当前活动角色结束保留门_00442B58_00442B91.asm,906,649b36c50a6cc91a71a639a72135c6d6afa40364700d73b71228202246ffb27c,近原始机器码与控制流证据
证据,10_战斗动作结果与表现,固化67,反汇编,证据/10_战斗动作结果与表现/固化67/反汇编/原版_FightRole数组构造与元素状态初始化_多区间.asm,6917,2793ac0378b89d540297cb9515a5fe3079ec9fe62762544228a2e211d66948a3,近原始机器码与控制流证据
证据,10_战斗动作结果与表现,固化67,反汇编,证据/10_战斗动作结果与表现/固化67/反汇编/原版_FightRole邻接批量复制不覆盖CE4_多区间.asm,5875,ff7bcc53bdb8a7424f52ee2cbb19e578c8391e1616464807f3ea13832fbf6554,近原始机器码与控制流证据
证据,10_战斗动作结果与表现,固化67,反汇编,证据/10_战斗动作结果与表现/固化67/反汇编/原版_四保留值状态白名单消费者_00422530_00422850.asm,12497,87dc117fe45f86c0edd65d56372ecedf1ecb0188a78058bbf24d4a434aaabc7d,近原始机器码与控制流证据
证据,10_战斗动作结果与表现,固化68,反汇编,证据/10_战斗动作结果与表现/固化68/反汇编/原版_Battle统一状态与0x67_0x68请求同步链_00442A80_00442B58.asm,3279,0fb857fe5123de45d47ea5d76520d22279c3ce50632908e00e01aad6d0c08943,近原始机器码与控制流证据
证据,10_战斗动作结果与表现,固化68,反汇编,证据/10_战斗动作结果与表现/固化68/反汇编/原版_动作请求0x67成功记账路径_00422147_004221A5.asm,1549,189a92cf9d458937a9b58d21f00d5f884fb209e00861d4a65df41d1a1c17bf29,近原始机器码与控制流证据
证据,10_战斗动作结果与表现,固化68,反汇编,证据/10_战斗动作结果与表现/固化68/反汇编/原版_动作请求0x67直接上游_多区间.asm,3722,99eef68a6a8fbd17d1775aad455f0d1b8fb10a67118f80c146bd511614651d42,近原始机器码与控制流证据
证据,10_战斗动作结果与表现,固化68,反汇编,证据/10_战斗动作结果与表现/固化68/反汇编/原版_动作请求0x68双来源成功记账路径_004221A5_00422226.asm,2091,e6728053de56549cc8a34a590b21a70b68817c6c3041ad02fd1db032d1a40630,近原始机器码与控制流证据
证据,10_战斗动作结果与表现,固化68,反汇编,证据/10_战斗动作结果与表现/固化68/反汇编/原版_动作请求分派器与0x67至0x74跳表_00422120_00422529.asm,16424,40ac130a49416c24e4da7dd6c74c0bb23f17c5940222bd91a88b994a88a6b7f1,近原始机器码与控制流证据
证据,11_运行时输入时钟与显示,固化23,反汇编,证据/11_运行时输入时钟与显示/固化23/反汇编/DDDES初始化与18字节头52字节记录计数_004014E0-0040163F.asm,6251,5f8059906d39e1b6575e33251b4cda39d5978613d29ffbcdcac8d8467fe4ce3b,近原始机器码与控制流证据
证据,11_运行时输入时钟与显示,固化23,反汇编,证据/11_运行时输入时钟与显示/固化23/反汇编/DDDES多媒体定时器初始化与WM_TIMER回调_00404A60-00404D6F.asm,13512,fbc80c075acae56253ca736dae39dcf0e5f1cfcfa618779a82a84b82490cbbcb,近原始机器码与控制流证据
证据,11_运行时输入时钟与显示,固化23,反汇编,证据/11_运行时输入时钟与显示/固化23/反汇编/DDDES显示模式重建与全屏窗口分支_00405960-0040608F.asm,32751,b4db93e2c4a9b5f4f5862791896d99f416ecabb252a628690c58f6b40deea90c,近原始机器码与控制流证据
证据,11_运行时输入时钟与显示,固化23,反汇编,证据/11_运行时输入时钟与显示/固化23/反汇编/DDDES窗口过程AltEnter切换_00401980-00401AC8.asm,4501,1adb67be4d4ac3c2bbc76df499e874c14dde94ea25431f43eb7c637b81a31a29,近原始机器码与控制流证据
证据,11_运行时输入时钟与显示,固化23修正版2,反汇编,证据/11_运行时输入时钟与显示/固化23修正版2/反汇编/显示定时文件加载器模式二与对象别名审计_004014E0-004029B0.asm,26753,22638ffabd5853aad5835b3cb1e5f772d7b945f2ef595c90c32cc948522b7757,近原始机器码与控制流证据
证据,11_运行时输入时钟与显示,固化23修正版2,反汇编,证据/11_运行时输入时钟与显示/固化23修正版2/反汇编/显示定时记录旁路与硬编码字体_004014E0-0040162F.asm,6104,fcea3a96f142574ca3b614d8af7a4675ea639c10f56ffd04d1b8baf342c39914,近原始机器码与控制流证据
证据,11_运行时输入时钟与显示,固化38,反汇编,证据/11_运行时输入时钟与显示/固化38/反汇编/事件等待与动画持续计数同一旧式逻辑时钟链.asm,37048,d28e7992acae6473e8fa478b47c62c6c94005e0e3e5c5d96d66aa1e62dacd2e0,近原始机器码与控制流证据
证据,11_运行时输入时钟与显示,固化38,反汇编,证据/11_运行时输入时钟与显示/固化38/反汇编/战斗计数器并入统一旧式逻辑时钟管理器链.asm,11344,30f39f19f2353bc889ddae879c848cece0a27d90d13e8f95fbf00528d4941120,近原始机器码与控制流证据
证据,11_运行时输入时钟与显示,固化38,反汇编,证据/11_运行时输入时钟与显示/固化38/反汇编/显示定时参数到多媒体定时器与窗口计时消息投递链.asm,13245,24d73237f705849a59086b27693ca4c32fe98660bbaf9ab72887e78fdca3ef44,近原始机器码与控制流证据
证据,11_运行时输入时钟与显示,固化38,反汇编,证据/11_运行时输入时钟与显示/固化38/反汇编/注册对象管理器与事件解释器单步更新链.asm,26144,f1d9115233d8493c2a2c0f110834ed7012cb68ce06665436c7a4700ff6829eed,近原始机器码与控制流证据
证据,11_运行时输入时钟与显示,固化38,反汇编,证据/11_运行时输入时钟与显示/固化38/反汇编/窗口计时消息布尔待处理标志与主循环单步消费链.asm,8153,fd5da05ed413e1491ccaa89cb1a3136c2f0d3723a896a72a1520c4b3c1f9b6fb,近原始机器码与控制流证据
证据,11_运行时输入时钟与显示,固化41,反汇编,证据/11_运行时输入时钟与显示/固化41/反汇编/Legacy单步到场景输入更新链_0040ADA0_0040B188.asm,2355,ba565772c4b02e5b5ad8caea56451bdf0bbcfa4c856cddab68cc5bf68f92e7d0,近原始机器码与控制流证据
证据,11_运行时输入时钟与显示,固化41,反汇编,证据/11_运行时输入时钟与显示/固化41/反汇编/世界动作13与14写入1500_0040CF28-0040CF88.asm,2249,7d5fed00e5074edb83b645736a8ec2ad13567b8642dbd2acd9d94b742fd91d8f,近原始机器码与控制流证据
证据,11_运行时输入时钟与显示,固化41,反汇编,证据/11_运行时输入时钟与显示/固化41/反汇编/场景运行时输入桥接_00409580-00409634.asm,3109,728606461a917a3c35152ae07301b7e3a59fbf235e7bce8bb152dc38c73c7deb,近原始机器码与控制流证据
证据,11_运行时输入时钟与显示,固化41,反汇编,证据/11_运行时输入时钟与显示/固化41/反汇编/遇敌持续状态事件计数与过期_004034C0-00403502.asm,1399,1daa61b0960d890ed286395f775fbf4913ee1a350cd711d21e1eb2be93581e65,近原始机器码与控制流证据
证据,11_运行时输入时钟与显示,固化41,反汇编,证据/11_运行时输入时钟与显示/固化41/反汇编/鼠标按键状态编码与变化检测_00408A70-00408ACA.asm,4147,addd8f41cd60c6c119c8d4cdd2f1075f8f6f1d42cc5cec04b6d53c894bd97ddf,近原始机器码与控制流证据
证据,11_运行时输入时钟与显示,固化41,反汇编,证据/11_运行时输入时钟与显示/固化41/反汇编/鼠标输入到遇敌权重桥接_00408C40-00408D15.asm,2688,c16840ba97b8a3fd494cb05c6f8e5b07165c21d2225b2213ba419d6a04824aed,近原始机器码与控制流证据
证据,11_运行时输入时钟与显示,固化41,文本摘录,证据/11_运行时输入时钟与显示/固化41/文本摘录/USER32_GetKeyState导入表证明.txt,1376,cc168f4d992a110198afb7072d3218bc5e3b7cb94c2af2a374cd65a686e60011,字符串与人工摘录
证据,11_运行时输入时钟与显示,固化68,反汇编,证据/11_运行时输入时钟与显示/固化68/反汇编/原版_Bink默认表面锁定复制解锁边界_多区间.asm,7072,fc673f348db905a5b2bdd8f041dfea60dd50b5a86e2d7055d99f9a658cd09b97,近原始机器码与控制流证据
证据,11_运行时输入时钟与显示,固化68,反汇编,证据/11_运行时输入时钟与显示/固化68/反汇编/原版_窗口创建DirectDraw全窗口分流与呈现_多区间.asm,20432,94c667fe1f3d57e0dc691b5cd0fe4a9046651f98912dfc312c43549b7b05969a,近原始机器码与控制流证据
证据,目录入口,现行,说明文档,证据/证据目录说明.md,6168,1506874fb73e40f0af32ea76b17fe64a71f349f42d3d5a91a389e2dfc6c9ef57,人类入口说明
